mof,excluded_all_eight_K_below_1e_minus15
ABUWOJ,False
ACOLIP,False
AFITIT,False
AGARUW,False
AHOKIR01,False
AMIKOX,False
AMILUE,False
AMIMEP,False
AMUCOB,False
ANUGIA,False
APEBED,False
AROFET,False
ATOXEN,False
AVAQIX,False
AVEMOE,False
AVIMOI,False
AZIXUD,False
BAEDTA01,False
BALMUW,False
BALMUW01,False
BARZAW,False
BENXUP,False
BEPMIU,False
BEPPAP,False
BERFIP,False
BERGAI,False
BETGAK,False
BIBBUL,False
BICDAU,False
BOJCIN,False
BONWAD,False
BONWIL,False
BOWQAG,False
BUVXOG,False
BUVYEX,False
CANRUG,False
CEGDUO,False
CEGWER,False
CEHZAR01,True
CESYEF,False
CESYEF01,False
CICYIX,False
CIGYAU,False
CISMAT01,False
COGWEB,False
COYTEQ,False
CUHPUR,False
CUMDIY,False
CUNFOH01,False
CUNWEO,False
CUTKOS,False
CUYHIO,True
DAGDIZ,False
DAJHUS,False
DEGJIK,False
DEYDOA,False
DEYLUQ,False
DEYVUA,False
DIDDOK,False
DOGZIJ,False
DOQGUM,False
DOTWAL,False
DUBWON,False
DUXZIG01,False
EBEMEF,False
EBEMII,False
ECAHAT,False
ECIWUJ,False
ECODEG,False
EDADIX,False
EDUSIF,False
EKOPOK,False
ELAFUT,False
EMITUQ,False
EQIWAD,True
ERUFUS,False
ESEVIH,False
EXEWAG,False
EZABEN,False
EZUCIM,False
FAGREM,False
FAKLOU,False
FAPTIB,False
FAPTOH,False
FAQVEA,False
FECWOB01,False
FECZAQ,False
FEFCUQ,False
FEFDAX,False
FERHAN,False
FEWGUL,False
FEZREJ,False
FIGXAW,False
FIJCUX,False
FIJCUX01,False
FIPWOS,False
FIPWUY,False
FIPXEJ,False
FIQCEN,False
FIRVEH,False
FUDQIF,False
FUNBAS,False
FUNBEW,False
FUNBIA,False
FUNBOG,False
FUNCAT,False
FUNCEX,False
FUSWIA,False
FUTKEL,False
GACQAE,False
GALCED,False
GAXWEJ,False
GAYFOD,False
GAYFUJ,False
GEDLIM,False
GEHSAN,False
GIFKIP,False
GIMSIG,False
GIMVAA,False
GINLIA,False
GITWIQ,False
GIZJOP,False
GOMRAC,False
GOMREG,False
GUFREF,False
GULPIN,False
GUWDUY,False
GUXLIU,False
GUYLOC,False
GUYLUI,False
GUYLUI01,False
GUYMAP,False
HABRIN,False
HAFQOW,False
HAFQUC,False
HAMJOW,False
HAZNON,False
HEGJUZ,False
HEKTUO,False
HEXNII,False
HEZKIH,False
HICVUM,False
HIFTOG,False
HIFTOG01,False
HIFTOG02,False
HIFVOI,False
HIHGOW,False
HIMSAY,False
HOWPOZ,False
HUHJAW,False
HUTTIA,False
IBICAZ,False
IBICED,False
IBICON,False
IBIDAA,False
IBUDOZ,False
ICANAD,False
ICANEH,False
IGOCOX,False
IJENER,False
ILOJEZ,False
IMACZN01,False
IQUNAJ,False
IQUNAJ01,False
ISEQIH,False
ISIMAZ,False
ISOHEE,False
IXISAJ,False
IXISOX,False
IXODUV,False
IXOFAD,False
IXOFEH,False
IXOFIL,False
IXUREZ,False
IYIGEC,True
IYUJAO,False
JASNAT,False
JAVNIE,False
JIVFUQ,False
JOSNAG,False
KANDIO,False
KAVROQ,False
KAXQIL,False
KAXQOR,False
KAXQOR01,False
KAYBIX,False
KAYBUJ,False
KEFBEE,False
KEWZOD,False
KEXKAB,False
KEXKEF,False
KIDDIM,False
KINHAS,False
KINKAV,False
KIXXOG,False
KIYMAI,False
KOMHAW,False
KUNWEW,False
LABJUV,False
LACJAC,False
LAGCED,False
LAGNUE,False
LAGWEX,False
LASYOU,False
LAVSUY,False
LAWGEW,False
LAWGIA,False
LAWGOG,False
LAWGUM,False
LEDCAA,False
LEGGEK,False
LELMIA01,False
LEMNOH,False
LENRUS,True
LIFWEE,False
LIFWOO,False
LIHSEB,False
LIKFOB,False
LOFZUB,False
LOQLEJ,False
LUVTEC,False
MADVUJ,False
MADWAQ,False
MAKXAZ,False
MATTUX,False
MATVAF,False
MATVEJ,False
MEJQEZ,False
MIBQAR,False
MIBQAR16,False
MIBQAR18,False
MIDRAT,False
MIHHOA,False
MIKJAR,False
MIMVEJ,False
MOCKEV,False
MODNIC,False
MOGVAG,False
MOYYEF,False
MOYYIJ,False
MUVGOA,False
NADZEZ,False
NAKLIW,False
NALWOO,False
NARTUX,False
NASCIV,False
NEHZIK,False
NEVJEF,False
NIRDOI,False
NISCOJ,False
NOCKUM,False
NUTQAV,False
NUTQEZ,False
NUVWIL,False
NUYWOU,False
ODIXEG,False
ODODIW,False
OFERUN02,False
OFORUX,False
OFUYUL,False
OHAKIS,False
OHOLIH,False
OJICUG,False
OSAXAI,False
OTAVOV,False
OVICUS,False
PAKXIK,False
PAMVEG,False
PAPXUB,False
PASKAX,False
PASTOU,False
PEGBUA,False
PELNEA01,False
PEMRIK,False
PEPXIS,True
PEVPUD,False
PEVQEO,False
PIFPIE,False
PIHNUQ,False
PIJJOI,False
PORVUO,False
PUQXUV,False
PUQYAC,False
PUSDOX,False
PUWCUF,False
QARTEK,False
QATHOK,False
QAVWAN,False
QEFNAQ,False
QESYOD,False
QEVKOS,False
QEYWUN,False
QIFLUO,False
QOCRUW,False
QOJVAM,False
QOKCID,False
QOMDUS,False
QOMFAA,False
QUGNOV,False
QUJFUX,False
QUNMUI,False
QUPHUF,False
QUQFIS,False
QUQPIC,False
QUQPOI,False
QURSEC,False
QUVDUH,False
RABHAZ,False
RACZIG,False
RATDAS02,False
RAXCOK,False
RAXDAX,False
RAZYIC,False
RAZYOI,False
REDROI,False
REGLOG,False
RELLAW,False
REYCOP,False
RIFDUG01,False
RIPNIP,False
RIVDEF,False
RUCGOM,False
RUFMUA,False
RUFMUA01,False
RUMWUS,False
RURPEA,False
RURQEB,False
RUVMAX,False
SAHYOQ03,False
SAHYOQ04,False
SAHYOQ05,False
SAKRED,False
SAMLAV02,False
SAMLAV03,False
SEFBOV,False
SEFSOM,False
SEHTEF,False
SENWAL,False
SENWIT,False
SENWOZ,False
SERJUV,False
SERKEG,False
SEYDUW,False
SUHHOT,False
SUJQOE,False
SUJREV,False
SUKYIH,False
TADCAE,False
TARWEO,False
TASXIW,False
TECTUS,False
TEDGOA,False
TENLIJ,False
TERFUT,False
TESGOO,False
TESGUU,False
TESHAB,False
TETZID,False
TEVZEA,False
TEVZIE,False
TEVZOK,False
TEVZUQ,False
TOHYUL,False
UBACOR,False
UBACUX,False
UBUMAH,False
UKUBIM,False
ULOGIL,False
UMEXUF,False
UNIGEE,False
UTEWOG,False
UTEWUM,False
UTEXAT,False
UVARIT,False
UVAROZ,False
UVASAM,False
UVEXAV,False
UVUPOR,False
UWELIS,False
UXEQOE,False
UXUZAP,False
VACFOV01,False
VACFUB01,False
VAGTUU,False
VAHSIH,False
VAPFOJ,False
VAPFUP,False
VARRIP,False
VASKOR,False
VAZTOG,False
VEJYUF01,False
VEJYUF02,False
VISTUM,False
VONBIK,False
VUQKOI,False
VUQKUO,False
VUSKAW,False
VUSKEA,False
WABTOK,False
WALBOC,False
WALBOC01,False
WALBOC02,False
WALCET,False
WEBREC,False
WECJAR,False
WEMNAF,False
WENDIE,False
WIDZOA,False
WIFBAQ,False
WIJDID,True
WIYFAM,False
WONZOP,False
WONZUV,False
WOWGEU,False
XADGAM,False
XAMDUM07,False
XAWVUN,False
XAWZOM,False
XEDPIH,False
XEHFUL,False
XEHFUL01,False
XEHFUL02,False
XEHTUB,False
XEJTIR,False
XENKIM,False
XEQRAO,False
XEXLOD,False
XEXMEU,False
XIBZUF,False
XIDBUJ,False
XIMPOA,False
XINFUW,False
XINHOT,False
XINJAH,False
XINWUO,False
XOJWEZ,False
XOKHAH,False
XOVVEK,False
XOVVIO,False
XUGSEY,False
XUNGOD,False
XUNGUJ,False
XUNHAQ,False
XUVHEB,False
XUWVEQ,False
XUYXAR,False
YARKEJ,False
YARYEV,False
YARYOF,False
YASPEP,False
YAZFOW,False
YAZYEF,False
YEGCUJ,False
YEGKOM,False
YEGYIU,False
YEKXET,False
YEZFIU,False
YUBFOR,False
YUGLES,False
YUJNOH,False
YUKBIP01,False
ZARZAV,False
ZEDRAD,False
ZEDROR,False
ZERNAN,False
ZERQOE,False
ZESFUY,False
ZIBGIC,False
ZIDDIB,False
ZIKJIO,False
ZISYAD,False
