relative_full_scale_noise,floor_fraction_of_g_ref,mae_pp,p95_mixture_mae_pp,worst_mixture_mae_pp,maximum_component_error_pp,methane_mae_pp,ethane_mae_pp,ethene_mae_pp,propane_mae_pp,propene_mae_pp,isobutane_mae_pp,isopentane_mae_pp,2-pentene_mae_pp
0.001,0,0.41101952877547954,1.0346466428970351,1.8591991980496205,7.0221960681034421,0.50355307950103134,1.0273853304865546,1.265437513539486,0.15049435594462499,0.19773705457030386,0.053451282755490437,0.048395956823406208,0.041701656582938208
0.001,0.001,1.7534933457987951,5.0151758482952467,10.002839256394036,38.564968871677706,3.3026386132635115,3.2708308057504571,5.9844033309022375,0.56714761635973632,0.68368180234143539,0.086792463999655081,0.058558631241062836,0.073893502532259583
0.001,0.01,3.8022823600652265,9.5211110869214473,23.366123113831698,87.560062766397749,7.3136709688282835,7.7420767108427997,10.580781680060705,1.8075826324857618,2.5966272860853383,0.17549119922017192,0.081737754393919934,0.12029064860483368
0.01,0,2.6382338623326014,6.3444856230746112,15.290317904768242,55.884487777683525,3.512149149751159,6.1017913845713281,7.1555485906371654,1.2613359499510772,1.6724497357953887,0.51359182919200386,0.47497567507641619,0.41402858368626627
0.01,0.001,3.5231071607117999,8.740160110791928,16.700910769465992,66.692922927718982,6.6115581970890922,6.7683532756673213,9.9108547928610573,1.5035419060220299,1.9671055166524833,0.52068485552878119,0.47607838925478679,0.42668035261883264
0.01,0.01,4.9767172659728711,11.70379722810836,23.369744100996364,88.120078982042131,9.1226031066974098,10.477552042496447,11.788172401548568,2.9010393891955504,3.6664210657278624,0.6991371181756848,0.5242337997837031,0.63457920415780722
0.050000000000000003,0,5.9686096305189729,12.573411798619109,22.659249882954114,79.154627406123225,8.6052353836498696,11.842716385513716,12.313450351835128,3.9581012360052279,4.5730776865836464,2.2880864027948578,2.1891750329771114,1.9790345647922842
0.050000000000000003,0.001,6.3175230557724582,13.089692623359802,22.648838190178211,79.154627406123225,10.036785544961397,12.182482023577482,12.647591242454554,4.3021343387224622,4.8983479088012825,2.3001617771881078,2.1868826421444858,1.9857989683299442
0.050000000000000003,0.01,7.5197397588583383,15.134704340427048,25,98.668635547013892,13.364623402475855,13.18151382009802,13.244944034974329,6.2783165635489615,7.4753056367775557,2.3513195632709873,2.1990866496237569,2.0628084000972913
0,0,8.8573182580659475e-14,2.2154912453220551e-13,3.5516294766280159e-13,1.4243814461245563e-12,1.4485096319426884e-13,1.5462823756877755e-13,2.5220695486476848e-13,3.7591089095678762e-14,4.7052661246438367e-14,2.8071577858447898e-14,1.6921121621937817e-14,2.726285519495837e-14
