array,stage,rank,condition_number,minimum_singular_value,mae_pp,p95_mixture_mae_pp,worst_mixture_mae_pp,maximum_component_error_pp,methane_mae_pp,ethane_mae_pp,ethene_mae_pp,propane_mae_pp,propene_mae_pp,isobutane_mae_pp,isopentane_mae_pp,2-pentene_mae_pp,presence_precision,presence_recall,exhaustive_fallback_n_across_base_and_drift,max_fallback_scaled_kkt
selected,final,7,120.99531352637493,1.6560211132881399,3.5231071607117999,8.740160110791928,16.700910769465992,66.692922927718982,6.6115581970890922,6.7683532756673213,9.9108547928610573,1.5035419060220299,1.9671055166524833,0.52068485552878119,0.47607838925478679,0.42668035261883264,0.95655196385123398,0.83305584985621306,0,0
random_000,final,7,1036.683683483225,0.24937068870396956,7.5136281014002044,16.27631478348021,23.166952497222205,88.120078982042131,14.716807231621971,14.300223501149548,14.54962145987828,5.152465293907623,5.7889654593884039,4.5960588591383296,0.57361247551774253,0.43127053059979387,0.92908090482983496,0.69002573028606029,0,0
random_001,final,7,45987.955288942947,0.0059798281006457543,8.7473383596382757,17.40570365003002,25,98.973616949166129,16.114058319619364,16.632981981981381,14.283611430254288,11.09683013298743,9.5811887414819701,1.3942029873047428,0.42303191801462353,0.45280136546245625,0.93482064741907267,0.64688966247918878,0,0
random_002,final,7,4306.9864463420417,0.060514433906322461,9.2993599631762116,19.360951667325327,25,99.154293369129263,16.427454976714795,16.227813112264769,14.119922383521217,11.494382450596312,9.3248047104512111,5.4333009801175605,0.99133593504189421,0.37586515670203507,0.91891891891891897,0.62267292265778718,0,0
random_003,final,7,49107.680376142882,0.0055476425706802151,11.437319356409702,21.506857503071519,25.000000000000004,99.252976368623692,20.937832791442808,17.86966198030257,13.985046792650248,14.388182228282762,16.695759318184219,6.2440005437630806,0.99992132444999637,0.3781498722018844,0.91360856269113155,0.54260632662327835,0,0
random_004,final,7,2262.4769015731249,0.1036720043246202,8.7029925015228109,17.638365348302482,24.907120683260302,98.791705977944247,13.9639515263653,15.37659924795614,13.692663786319315,10.842999936607477,12.833357090429182,1.9402631527412459,0.47882889359266662,0.49527637817127385,0.92723263506063947,0.63644619343120934,0,0
random_005,final,7,49487.82469842377,0.0062640722530654539,9.6770503202598466,20.391357696926711,25,98.973616949166129,17.328501454154729,17.829261179298715,13.825351724185539,11.038338541860782,12.703372099006474,3.3637496156459443,0.66918681325066631,0.65864113467595131,0.92061665899677869,0.6055698501589224,0,0
random_006,final,7,29408.697566880193,0.0089258342005068426,10.352868621526925,20.839591580452705,25,98.973616949166129,17.908574021848242,16.993184953570765,14.166925308499557,13.644531835959935,14.550970173848469,4.312276936535433,0.75409323155541719,0.49239251039755921,0.92098352828837426,0.58392613894354473,0,0
random_007,final,7,36439.854380152407,0.0066856173010325015,11.779650905216105,21.74841249129836,25,98.973616949166129,21.787862177910203,15.464445952284951,15.914695010980948,17.298981077033996,18.153232156174802,4.4119028085244798,0.6010199049635776,0.60506815385595103,0.92167240010584806,0.52716815498713487,0,0
random_008,final,7,24609.040039755389,0.0099827851448907115,10.758079858969278,20.927579498039318,25,99.004590601845521,19.030168986572431,17.69205126526877,14.029934071634431,14.578286048038114,15.383576186007204,3.9528374713444578,0.76454852641357618,0.63323631647520007,0.92296296296296299,0.56576358407749361,0,0
random_009,final,7,10285.825104219959,0.021424633956073878,9.9834617122306621,18.985098275825433,25,95.014704675499729,15.515581107917717,15.968586482115525,15.10551685766497,14.597707197549617,9.2070742970277148,7.9491416998499034,0.97816610792517333,0.54591994779482123,0.91841922810261156,0.60148327531406087,0,0
random_010,final,7,6616.7650531367581,0.037498635478274561,9.0289419031138944,18.267208513187075,25,98.668635547013892,11.916533532039409,16.347407546860868,13.506322440869248,14.756260273371636,12.346216806596736,2.010502124066055,0.60292272623018628,0.7453697748771112,0.91928744226962833,0.63266232783411536,0,0
random_011,final,7,851.9610317505942,0.29121912155669638,7.4511958924403308,16.245908454838823,25,91.28775896454917,10.656141604918188,11.036943836042553,13.110457527067355,12.167139589502613,9.3768471841681489,2.3637975180631914,0.54709815563773678,0.3511417241229432,0.92882051282051281,0.68533373694566369,0,0
random_012,final,7,20196.404371083401,0.011970302802572812,8.5167982168457304,19.837990407465742,24.999999999999996,98.973616949166129,18.456487032680727,13.866707867615704,16.050138332749025,8.1117073711078085,9.3040370033771786,1.0062513889380695,0.77651269160663272,0.5625440466907542,0.93060959792477305,0.65158165581958527,0,0
random_013,final,7,13175.894188965445,0.018626485498036256,8.0003159871068625,16.469210606975832,25,98.973616949166129,13.558653023081121,15.032829139845651,13.635395954598037,6.5688290187470901,7.5481744179111363,6.2545421858831736,0.81413237360973145,0.58997178317904431,0.9214346712211785,0.65324655668230669,0,0
random_014,final,7,18838.671156361157,0.014770899257661925,10.39598193576667,20.963999417430259,25.000000000000004,99.541879242958231,16.333542712447439,17.451000356933935,14.919031775488891,12.930341474443196,14.038490413168786,6.3484569286679893,0.58294033080510865,0.56405149417810507,0.91923818707810989,0.57711518086877556,0,0
random_015,final,7,58755.707806225328,0.0044942288375549736,9.486252369750277,18.672769473839004,25,98.973616949166129,14.799920627605067,17.468983941509968,13.22758231953185,10.257097960541213,11.657547986323486,7.2871923680011808,0.84458875676501466,0.34710499772448372,0.91797318791183824,0.61147268049038894,0,0
random_016,final,7,10692.45336071667,0.023156416439925123,12.365393348332939,22.051751859688295,25,100,21.506171591189311,16.384496134524554,18.579885769418883,19.021568330079727,15.7413626876207,6.6206270179944386,0.64619632254108872,0.42283893329468469,0.9135430916552667,0.50537308914787349,0,0
random_017,final,7,13436.218589211783,0.017670465247213153,7.6260338449596947,15.834324407479425,24.999999999999996,98.668635547013892,12.197038824145871,13.846461711153793,14.409527750144006,6.4135751966806094,7.140435139223297,5.7030028755652964,0.76496158257296765,0.53326768019178961,0.92621599340478156,0.68018767973361582,0,0
random_018,final,7,9047.5840391581842,0.026902763217735874,9.6871814533132241,19.314360360787578,25,98.973616949166129,14.582995989968671,13.423711001006639,16.651530287169045,11.129239317685286,13.671237503635206,6.9683015322157047,0.47185052054762605,0.59858547427761066,0.92058089403222143,0.61404570909641287,0,0
random_019,final,7,529457.20814910508,0.00057724914865845051,10.314138824848801,20.533740708486377,25,99.172169507350745,16.752776224819847,18.404191029406281,14.218423106749793,15.27425319888591,10.610769745233791,6.1075500664807834,0.58827331563744012,0.55687391157653299,0.91714285714285715,0.58301801120024221,0,0
random_020,final,7,9719.6591683825645,0.026342314298625887,10.984232384878428,21.206167959291449,25,99.622695525333555,18.111586771286529,16.77188310655735,14.509911137266521,12.298558924745848,14.046928374344384,10.62230808661687,1.0657183842802103,0.44696429392973785,0.91954590325765051,0.56394732859088847,0,0
random_021,final,7,303142.33480477647,0.00082408677831410037,11.93226443269908,21.747448169897769,25.000000000000004,99.448850781720935,22.31742580226592,16.79161454992396,14.693985381079644,16.755208050318096,16.1251878097363,7.354857349919941,0.72772467650747874,0.69211184184126029,0.9152810768012668,0.52489783562887848,0,0
random_022,final,7,30368.97582787897,0.010118764013801485,12.863897147847133,22.279797733089932,25.000000000000004,100,21.264918286947243,13.804674877819606,23.466227972887395,20.011347654230391,15.930052931802154,6.1264308436704003,1.1416746400402378,1.1658499753795144,0.90496333897349124,0.48569698804298472,0,0
random_023,final,7,5073.5397445571862,0.052063260649285521,9.026388759125064,17.340391389570684,25,98.973616949166129,15.692160401500651,15.898810795403174,13.817866290488064,9.2094200642857853,11.779683302683761,4.7499274568270202,0.59015295934496392,0.47308880246716761,0.92206047032474803,0.62312698652943843,0,0
random_024,final,7,15262.829619977876,0.01705207924402409,11.711810962376759,21.710293912405536,25,98.668635547013892,21.76912463297467,17.228905469608328,15.6327915492401,13.634161969811622,16.5297084285742,7.8133823892564722,0.74995408166847555,0.33645917788019186,0.91932949188056579,0.5312547298319964,0,0
random_025,final,7,204566.12477788716,0.0014843363112091938,9.2802155626787606,19.041712606041706,25,95.178284881273868,13.67936840568448,16.263149541820475,15.823327567584691,15.361155552780074,10.376621317665119,1.7536091608918587,0.47000091829323742,0.51449203671029564,0.93063063063063067,0.62539730588769482,0,0
random_026,final,7,10205.340636051829,0.024726097406951728,9.7310267185084633,20.902671428698564,25,98.973616949166129,16.452288530780955,17.039082481377186,15.239910601380554,11.778171464141931,14.53964717746268,1.9193759176164289,0.49355566180257288,0.38618191350545517,0.92360950842372491,0.60572120478280611,0,0
random_027,final,7,28378.101594429314,0.0073045232569220282,11.194634122350973,20.833333333333332,25,99.265697759883281,17.966052352017467,14.304268753530897,19.537270376726298,15.983819074640358,17.026765135462771,3.4974798379696206,0.63735921648487726,0.60405823197545261,0.91819990054699152,0.55895262600272433,0,0
random_028,final,7,15511.694376274248,0.018219896020102242,9.2481895728198964,18.018231473267374,24.743404237291532,98.973616949166129,14.028935941968649,13.40135944464302,16.220524599605611,13.124552945127464,10.290443241623001,5.8558633565907874,0.58904852701482791,0.47478852598590027,0.92325056433408581,0.61904041168457702,0,0
random_029,final,7,12084.824355270779,0.020807426935821667,8.8626988244217006,18.254327307179882,25.000000000000004,99.092350264800828,15.78535988772143,16.171403927845439,14.116548979705122,8.9019626349174796,7.5520280292155277,7.215564037935474,0.61459478316550908,0.54412831486769053,0.92531028368794321,0.63190555471469656,0,0
random_030,final,7,109498.54641666783,0.0025938518297396649,9.7374438198146471,19.184487380987765,25.000000000000004,98.668635547013892,15.34305573626996,16.25059510261557,13.292189095472832,12.267724049017941,13.542558528308422,5.8773925946780965,0.63176418056908012,0.6942712715853826,0.92277456647398848,0.6040563039200848,0,0
random_031,final,7,12021.892560198252,0.014470043378104128,12.193122278823443,21.523617612794087,25.000000000000004,100,21.572149911319773,15.098108682774832,16.150289392686005,17.814115604142657,18.569672596407916,6.7977445303818378,1.0087189637254754,0.53417854914909091,0.91536216503051204,0.52217345239897084,0,0
random_032,final,7,166552.44393572354,0.001651972456987792,9.7957775374110891,20.667201139040635,25,98.973616949166129,17.793377167861614,16.260548473123205,13.701037457371015,11.691227735571994,12.826943025318112,4.9369562910240523,0.67917785376636919,0.47695229525239785,0.92374472078836223,0.59588315423036176,0,0
random_033,final,7,2022.1006880679445,0.13056015812247182,7.644675544376045,16.703943071947503,25,98.973616949166129,13.760446046916321,15.819038251526017,14.212876739428069,6.9863696328938385,6.7541008834368306,2.4551957888391462,0.49004338207415571,0.67933362989404733,0.93330554397665699,0.67776600575147572,0,0
random_034,final,7,14139.417460703035,0.019278223824129359,9.8789182853863959,19.678185340340065,25.000000000000004,95.061482625873978,12.252159699467308,19.372678459013859,13.549463149787838,16.070650117830475,9.304837182151017,6.7815844824380651,0.72414365721629925,0.97582953518639193,0.91347053320860616,0.59119116088996515,0,0
random_035,final,7,5627.3636764194298,0.053327790647516082,10.266481551384679,20.608851859460433,25,98.668635547013892,18.025452591637983,15.755107735221157,15.69626790552698,14.274523915604808,14.266787705654874,3.0896432161506677,0.50577294288585151,0.51829639839514718,0.91907925961082104,0.58619645830180112,0,0
random_036,final,7,8617.6007511549815,0.026425243834593139,7.7855479251198831,17.154417064826276,24.999999999999996,98.625036329285564,16.762550751699003,15.45899440549519,14.450910221475429,6.6804627696644294,5.9456403345322055,2.1271616319756217,0.42358283334094576,0.43508045277625018,0.93261231281197998,0.67867413349477823,0,0
random_037,final,7,36814.527539485862,0.0076284266803345211,13.049397752252716,22.169064288481568,25.000000000000004,100,24.691672454762276,16.09249430010027,17.338959560435736,19.038861230562219,18.409474716202126,7.6612820479303005,0.70494938625369785,0.45748832177496906,0.92089423903697332,0.48630240653851975,0,0
random_038,final,7,7151.0865676943995,0.036189172344035,9.7739422249514529,20.371977011673444,25,98.973616949166129,16.084840716497624,15.921061104305164,14.982232899126144,11.173991934097604,12.456646362186,6.0642161988910868,1.0670320678469118,0.44151651666123354,0.92064987049682123,0.59179657938550023,0,0
random_039,final,7,20748.54695593506,0.013570639386025906,10.423591826786,20.079792852038381,25,98.973616949166129,18.438346812897699,16.77197528015574,14.404403993104461,12.765507239214468,13.036317675632194,6.7008660999388905,0.61392651860823411,0.65739099473626372,0.9179140511830034,0.57545028000605414,0,0
random_040,final,7,13286.455765847199,0.019947058982266529,9.4877059544237969,19.684929799768636,25,98.817745975584216,16.326104565948327,16.329846704769814,15.438777808350824,12.254403600084052,13.366419647686982,1.024893186465426,0.59643009869403196,0.56477202339106458,0.92447199265381086,0.60950507037990009,0,0
random_041,final,7,23045.804466542548,0.012678868799301603,11.53794163619575,21.676834957293824,25.000000000000004,99.527539558416507,22.32398319835217,14.998404687196013,16.112842707721839,15.314454821995257,16.72838574580723,5.704564388171586,0.78775320914518443,0.33314433117673858,0.92209123526396719,0.54457393673376719,0,0
random_042,final,7,20751.470614794856,0.011910716570592022,9.2230538441006029,17.825109081797805,25,98.668635547013892,12.752648200819461,15.795081246984934,14.839394365937617,14.306457025498476,8.4651989134493828,6.4915278169239823,0.53356644168079681,0.60055674151025773,0.92219730941704037,0.62252156803390346,0,0
random_043,final,7,5521.316338036675,0.0424739105443971,11.015728435252418,20.877724778264945,25.000000000000004,99.03860868964405,18.793881393438703,17.155666705596168,14.617210705313624,15.254954010642628,16.300012529175174,5.0634988189867114,0.5266318477484675,0.4139714711178501,0.92061907139291066,0.55819585288330553,0,0
random_044,final,7,47564.771577149513,0.0042689295020943317,10.882366211576233,20.834569069991328,25,95.015301219975541,18.279977636124084,15.947161250406795,13.972744621345477,10.625476060170906,14.442874614608215,11.463569322895072,1.6559662916627818,0.671159895396648,0.91041771514846503,0.54760102921144238,0,0
random_045,final,7,4745.4333838735693,0.059910044740017862,7.9269359900569949,16.012823439166574,24.740352480126244,98.668635547013892,11.600534272372295,11.742213500720977,12.907011151587236,9.7981360957309906,9.8769895092620583,6.3671900185949131,0.60281099208985267,0.52060238009772375,0.92831765935214217,0.67231723929166032,0,0
random_046,final,7,11020.406590880848,0.024501261219205352,8.9980913826978419,18.662973540689734,25.000000000000004,98.668635547013892,15.761831642037853,15.667887278880524,14.587985856486512,9.1182077866074476,10.479782954293311,5.3150587774550537,0.71913256834884931,0.33484419747327371,0.92006234691605437,0.62539730588769482,0,0
random_047,final,7,16338.577893640057,0.015580232230370049,10.850342199321883,21.260165731730755,25,99.471278155250715,22.483392228478312,15.091358906089297,14.533470044174894,15.030148511610685,16.882864621861408,1.8051571014717658,0.513233572143171,0.46311260874558996,0.93381618381618381,0.56591493870137732,0,0
random_048,final,7,2278.6474350543272,0.10847989768898846,8.5679454882751163,17.59845034382138,25,98.668635547013892,15.834803935824041,15.360569648536158,14.752022692214545,9.3493866059869983,9.0758859593087848,3.0890624305068952,0.62389898003831323,0.45793365378530188,0.92422251423565482,0.63871651278946573,0,0
random_049,final,7,2928.8405001039423,0.069866450978175912,7.9546467132023952,15.986762656103583,25,88.489974095299914,13.365400784166061,14.240126838823164,13.392068550171693,8.6289732551137224,7.2317293937862122,5.3796525260617241,0.82025326557811484,0.5789690919185303,0.92403724079559879,0.66096564250037837,0,0
random_050,final,7,11857.681392339568,0.021957914547340803,8.7777715644888268,19.551518491675196,25,98.973616949166129,17.962032338865974,15.322374199490776,15.56503092190983,6.7678524677304335,8.9321902063884018,4.7505355935203735,0.50688343507826372,0.41527335292648104,0.92617007251153594,0.63795973967004693,0,0
random_051,final,7,1305.0182208912133,0.16654922182412332,8.7809379051622596,18.693190058364809,25,98.973616949166129,14.933354814480532,15.294126548034061,15.524289065786089,8.1634439043146561,9.517484380467284,4.3196098586164515,1.167750938247631,1.3274437313514109,0.91690356439973764,0.63462993794460421,0,0
random_052,final,7,5744.3769287884033,0.038266085482138237,8.5867972746064627,17.973441143073668,25,89.331554860032554,15.352827261437834,15.12498566071158,14.763715017505779,7.8553246123402394,10.386789751873827,3.1614479815943568,0.92417183436982786,1.1251160770183366,0.91666666666666663,0.63765703042227939,0,0
random_053,final,7,31319.870279531529,0.0090687572689008011,7.4865049646227639,15.147841429976269,25,100,13.716553643121037,14.691338210625556,13.347914455787899,5.3764665995427947,7.1645686131287194,4.5122859631982593,0.53419108669773885,0.54872114488015855,0.92620917734601071,0.67822006962312698,0,0
random_054,final,7,478.92802898200904,0.571354813008769,8.1810475868977726,16.483894929400254,25,86.089433109412582,11.304839349372633,13.087020767036028,12.902475783462327,9.9284698035972063,12.021405098973238,4.7942890685839243,0.83085531667064172,0.57902550748629122,0.9249255635899617,0.65824125927047072,0,0
random_055,final,7,5770.8852417984053,0.041877056447569706,9.4208505810285548,19.006388152548013,25,93.668233009378469,11.326579413076365,18.329698727139697,14.159153324669093,15.170754975736536,9.8109687486431252,5.291605906734075,0.83874509660673746,0.43929845562288738,0.9201460187086471,0.61041319812320272,0,0
random_056,final,7,9273.2769115639694,0.027406714652203956,12.677629700815814,22.117278291177659,25,100,24.608224103548647,16.340813158300172,15.560970725638631,17.179916279229019,19.331277821677165,7.0749190013132681,0.93833071206762575,0.38658580475186122,0.91608972583771808,0.50068109580747688,0,0
random_057,final,7,162171.68961513645,0.0018116751879932854,9.4783523704575607,18.064745538786443,25,98.668635547013892,12.837086156836385,16.665323294682803,15.456846429571081,15.717106823195552,8.4065365395200349,4.8619520764454673,0.78861227781525656,1.093355365594,0.91985260248733303,0.60451036779173606,0,0
random_058,final,7,6812.2219788315197,0.035264109209199514,8.5571225378509101,18.339386792060775,25,98.668635547013892,14.890395845716087,15.700795085598243,12.861824304163758,11.06308169240744,12.178692398593512,0.91655054904435052,0.41770352958464074,0.42793689769936399,0.93490213327468663,0.64340850612986222,0,0
random_059,final,7,98510.120026139164,0.0032726965110385503,12.584157083070606,22.087020496926669,25.000000000000004,100,26.825706300388838,16.787469365187157,14.324160819270707,19.562436408471847,16.71853089630277,5.3116505499106914,0.51139838522650105,0.63190393980624349,0.91692136704640181,0.49947025881640683,0,0
random_060,final,7,21881.210801559679,0.013128022733943926,10.658504757160935,21.069522827518384,25,98.767782995322065,20.757126004477403,16.087436555213813,14.423583713213425,15.861041878111637,15.687685018138039,1.4674024311215526,0.50635497410282537,0.47740748290882301,0.92913000977517102,0.57545028000605414,0,0
random_061,final,7,13239.310739313421,0.019754006589306979,12.498722939001695,21.865438005582241,25.000000000000004,100,23.446339484341326,16.886726396193367,15.746299873175142,18.963881582258956,17.019955647609159,6.8933830895502846,0.55004067406967938,0.48315676481558584,0.92825484764542932,0.50718934463447862,0,0
random_062,final,7,44305.560984998519,0.0060833696998125854,10.876237466830439,21.307019707739254,25,98.973616949166129,20.287019533757217,17.195949703358202,14.118008901703561,12.365650168851371,15.373228541233413,6.5853779946178026,0.73311019962607094,0.35155469149582202,0.92484662576687116,0.54760102921144238,0,0
random_063,final,7,26982.089941081504,0.0098244464412245956,10.48579904286586,20.741640236370124,25,98.973616949166129,17.442084987464266,15.857666500152673,15.121176478292091,14.878210709967442,11.942583925668716,7.5424240215307483,0.54699739720157781,0.55524832264944934,0.9242424242424242,0.57242318752837895,0,0
random_064,final,7,13339.404432002582,0.017723239363540196,12.596205086351326,21.818699573541807,25.000000000000004,99.775035294909429,20.614760160684174,16.44092293668135,16.229594082854177,17.599604379375556,18.355633406669718,10.320425955554873,0.81555453801660793,0.39314523097418014,0.91215854311730049,0.51551384894808538,0,0
random_065,final,7,7368.6273925789528,0.035337182779738706,9.148277018929555,19.021367900914392,25,98.973616949166129,17.397418836113072,17.059931059572182,13.566847314918434,11.259577461561634,11.680432760602113,1.108414943087471,0.57018288123918903,0.54341089434238043,0.92656249999999996,0.62827304374148629,0,0
random_066,final,7,12791.836843644001,0.019852798266840183,9.8231581793717346,19.881989991192533,25,98.973616949166129,16.374150908548657,17.089669508368345,14.962393914839724,12.585994919269909,14.399175896781902,2.2266003218804151,0.48856162072320303,0.45871834456179089,0.92339832869080785,0.60208869380959584,0,0
random_067,final,7,104793.96060421757,0.0025459930662332961,12.692348656374396,21.935064019592872,25.000000000000004,100,24.393016755109091,17.119098227829188,14.617148437723303,20.590981273060976,17.210412118048875,6.5812930511779077,0.6052706829259854,0.42156870511971001,0.92275398824517207,0.49901619494475558,0,0
random_068,final,7,30097.909859459254,0.0081575103147371163,9.5243604672638433,20.856964469178255,25.000000000000004,95.837879490528195,16.113678497734227,17.566928232990929,13.925883073079307,11.899107280677498,13.751382068802974,1.9454115126864799,0.51356288787194171,0.47893018426747624,0.92375845185357897,0.59966701982745574,0,0
random_069,final,7,13749.74144533515,0.020961338389589756,10.159991160579157,20.428757988247408,25,98.668635547013892,16.798970609429507,17.133791360266482,14.408060092324721,12.535043846271822,15.200202033708054,4.0192341243772089,0.53895344370780496,0.64567377454763741,0.91879840413048575,0.59255335250491903,0,0
random_070,final,7,20016.324489941719,0.012932635136476408,10.148625384052616,20.463922116343092,25.000000000000004,95.771715435264454,15.657000350173211,17.25822201406228,13.872057345648654,12.079777715099043,14.365640149173013,6.6358584697375358,0.87898089422603032,0.44146613430123949,0.91262831224635954,0.57862872710761315,0,0
random_071,final,7,19581.96012590775,0.015632383555965832,11.818720901359285,21.666666666666664,25.000000000000004,100,21.313977572429689,18.347591350024555,14.833576018731087,14.868887647822175,18.317746542730571,5.6369957391321712,0.74488234172389733,0.48610999828008966,0.91511658370448001,0.52868170122597247,0,0
random_072,final,7,3361.3999178366303,0.052570757353673135,6.8537009046670114,15.151997427133415,24.196150714502238,88.120078982042131,11.216369287686609,15.183872801088077,13.140737503784235,5.3065108739291826,7.3547057203777984,1.2298203537133034,0.67598222641980477,0.7216084703371225,0.93117246898759509,0.70440441955501742,0,0
random_073,final,7,5446.7594155084034,0.039351051964096703,7.6095847571471884,15.804742767545086,25,100,12.998697652939088,14.453398779435521,13.383192285189077,5.5575246583784894,7.0045016439260248,6.1733286244049044,0.80469834324657874,0.50133606965788469,0.92760557520282916,0.67489026789768425,0,0
random_074,final,7,28422.061902847006,0.010425209474224999,11.314634671225519,21.333616084313171,25,100,21.749446277218535,15.834262395728709,14.496310985723886,15.732469932836009,16.892245485089113,4.4418540976608112,0.62684753979911456,0.74364065574804072,0.91687849517031017,0.54593612834872107,0,0
random_075,final,7,11066.410789903359,0.021949222754268586,12.58553364504777,22.18526056085798,25.000000000000004,100,22.626638672031813,16.799826068040986,16.697337710555846,17.472932972636428,16.650246739167844,9.0647790980948546,0.81569186207882938,0.55681603777553379,0.91561297416162724,0.50416225215680344,0,0
random_076,final,7,31125.448414527815,0.010303828668807942,9.4034543215421138,18.530979333554271,24.699140303639318,94.737285706354797,15.64380736003112,15.796112632811123,15.717746875169405,9.0818213032499298,9.6658565447095306,7.6503893056074546,1.045433604237141,0.62646694652131019,0.91386508459679194,0.62948388073255634,0,0
random_077,final,7,38017.415029231553,0.0072476128788446607,7.3569630563605353,15.691513901934366,23.791035552032618,88.120078982042131,14.977496605201578,13.982585813346185,12.99437090215466,3.5597758040649947,4.0663131755058535,7.7133802055209859,0.86989012858745562,0.69189181650261977,0.93333333333333335,0.68018767973361582,0,0
random_078,final,7,8629.9737905469519,0.025572874735161621,8.2055620322846146,18.038256163734811,25,98.973616949166129,17.44974851586721,15.046413887044073,14.283786817400788,8.0179087403760541,5.3165178998683631,4.4618254887249238,0.56010013801420233,0.50819477098130372,0.92411752272246883,0.66172241561979717,0,0
random_079,final,7,13076.261642146303,0.01853948264839517,7.1671593743149664,15.606143327418053,25,94.188127927745981,11.524730030368634,15.113807056500249,12.878660338515525,5.7155676404101694,7.5310931266201413,3.3807899595493249,0.53969080116178192,0.65293604139399997,0.92900608519269778,0.69320417738761919,0,0
random_080,final,7,67441.38633426954,0.0043419978695437142,7.6945256204913708,15.448117602189027,25,97.509497976522425,13.272497896884065,14.621358736797738,13.581315360344201,7.0924217809740178,6.9074224198801986,4.8728098755353342,0.63962398115547525,0.56875491235997122,0.92812758906379456,0.67822006962312698,0,0
random_081,final,7,12312.851766841075,0.018531268672863799,10.318430857004717,20.211654595054085,25.000000000000004,98.973616949166129,17.990773150867771,16.870771482288916,15.524618196811236,11.422019717115338,12.238734327934193,7.1468721659476406,0.75375599378992952,0.59990182128270875,0.91733396137541212,0.58952626002724384,0,0
random_082,final,7,23827.98665723241,0.011670999832751123,8.1740800476307616,16.31836077317412,25,85.166574719772143,13.04207788468335,14.638484740151885,12.743163243909095,8.823844728812043,7.9274937333471227,6.9932048341186661,0.75309548103669244,0.47127573498730374,0.92577540106951872,0.65506281216891171,0,0
random_083,final,7,7438.8597070152546,0.034521373037118865,7.7145779055288513,16.016266064317705,25,91.28775896454917,12.002678005092347,11.347302310438387,14.056817042556027,7.1306823411632649,8.8874427872725938,6.9785439228235182,0.83606093036067375,0.47709590452403333,0.92209690893901419,0.66823066444679879,0,0
random_084,final,7,12548.583049707635,0.02105998939193441,9.1614945691453684,20.374033540181173,25,98.973616949166129,15.846230230609569,17.534902335935751,13.98417561903462,10.188163768147982,13.786270616981463,1.0718319857198926,0.47132124261504027,0.40906075411870174,0.9273301737756714,0.62191614953836838,0,0
random_085,final,7,9907.2873723928315,0.027759315661484148,8.4145931666048597,17.67928098770345,24.999999999999996,91.28775896454917,15.061864463867108,15.408708204592928,14.023783358892292,8.1476182291206438,9.6987957943126126,2.8595943122959158,1.0851515396285647,1.0312294301289064,0.9224789462319154,0.64658695323142124,0,0
random_086,final,7,4770.1883650256004,0.060460386271730941,9.6227854482208972,19.953427569852682,25,99.025951519183494,15.500610166089734,18.105898020576117,14.553596679025711,11.498616535242938,13.228589301961005,3.2207283582812209,0.47552060083206615,0.3987239237584459,0.9202383680953472,0.60768881489329496,0,0
random_087,final,7,32051.005415441508,0.0088347843813466453,7.9683441106297268,15.967529570549727,24.743404237291536,98.973616949166129,13.540513806837984,14.174647036588246,13.296017221107581,8.272048567642063,7.1947566998328263,6.1085310050177108,0.72474362528799186,0.43549492272344359,0.92899533700720649,0.66338731648251859,0,0
random_088,final,7,8626.6078319062071,0.031246539191419322,10.929934573905575,21.117056248156732,25.000000000000004,98.973616949166129,17.679059898887317,15.244537440069733,17.595118767828172,16.696882027259601,12.783318447643186,6.1850737608435313,0.62280530738851558,0.63268094132452202,0.92075564278704614,0.56803390343575,0,0
random_089,final,7,8518.2317138446488,0.030239174358441607,8.6616809987711285,17.399780379516184,25,96.272145248330474,14.506163158041435,15.185804155854614,13.058213595555303,8.6703402839257979,11.403239709441381,5.3002726341508382,0.71415989644070788,0.45525455675903553,0.92478860703159771,0.62902981686090509,0,0
random_090,final,7,106830.35980445529,0.0023272311456499625,9.2417537260755864,18.869464309555866,25,97.672655690220324,16.070169481038704,16.999088224008069,13.516909731557513,11.340784735484489,8.7508208694698162,5.9151818492123276,0.72300291508164316,0.61807200275213514,0.91642458100558655,0.62070531254729833,0,0
random_091,final,7,3648.8825095131733,0.064499837507155641,10.965129086149229,21.078649356286991,25,98.973616949166129,16.40944182294351,15.881190573316651,17.864707179619767,14.507618327043179,12.265036581423892,9.3580720216834035,0.82694455250309951,0.60802163066040782,0.91786244433448783,0.56152565460874826,0,0
random_092,final,7,19206.943018025337,0.01489935295363367,11.450983929487043,21.354678457571286,25,98.973616949166129,20.210992103225038,16.3503539177782,15.479329892452654,14.784564568532451,16.312738748353912,7.0360438243818422,1.0868682440123767,0.34698013715992831,0.91948183896367797,0.54790373845920992,0,0
random_093,final,7,63082.550623654053,0.0044041432136920885,10.646036590232358,20.985628690550719,25.000000000000004,98.668635547013892,20.853449466716803,16.149341595077615,14.098468759197134,16.053237854400173,15.518025768182026,1.5490496445570439,0.53611116324222807,0.41060847048586868,0.93132942326490709,0.57681247162100802,0,0
random_094,final,7,5191.9965029687673,0.049462036274135743,6.2086053632158604,14.789631366390463,25,98.668635547013892,11.415537927063015,12.094642610277081,13.234010289885727,4.3494457848991495,6.6957393844622155,0.80235256851219805,0.57791860237136383,0.49919573825621077,0.93363263712668354,0.72392916603602242,0,0
random_095,final,7,8082.6876206299403,0.030923620419266096,9.6619891059876934,20.303899820509017,25,100,18.312476632564096,16.806039205915269,14.680126763599525,12.490258971752043,12.957964493475119,1.0543479916032985,0.63675951435731992,0.35793927463484299,0.92652780956740677,0.61268351748145911,0,0
random_096,final,7,10453.273342387254,0.022924199568548853,7.6351286984601217,16.247872488012295,25,85.382035946129065,12.865493792366957,12.162614573437866,13.954533587108099,4.103887717534981,6.4691431304702069,9.7464066875801674,1.2016803800602995,0.577269719122531,0.92318931329576293,0.66944150143786896,0,0
random_097,final,7,37173.515108800842,0.0067265369353486787,11.952376264668695,21.771570817802687,25,98.668635547013892,24.098020654088295,15.319380637562372,15.401111558894863,18.174581450750473,18.144059664460794,3.5352553048628663,0.46450925524955566,0.48209159148033343,0.92540157909066156,0.51445436658089905,0,0
random_098,final,7,98129.495481294085,0.0028382702430780121,9.8787560562182275,19.681820682391752,25.000000000000004,98.973616949166129,18.327364356187896,17.389790159607742,13.635649410291567,11.696186022629396,12.86844021214136,4.1943996099807483,0.55303581119068379,0.36518286771641756,0.91937732342007439,0.59891024670803694,0,0
random_099,final,7,45378.476715910714,0.0065977463543956663,12.674624700384918,22.128231618998765,25,100,25.360912293323416,16.045424666370554,14.103247508165445,20.564412357352413,17.941907656075866,6.1853069227549637,0.63515406053178913,0.56063213850482463,0.92375035300762498,0.49508097472377782,0,0
random_100,final,7,20797.910678215656,0.013722514962007505,10.531037665335349,21.10796848419313,25,99.173513749689633,19.455025189425662,15.855950185982598,14.58849809492194,12.501461374118204,15.506758516652836,5.1206592211398174,0.81051250233320005,0.40943623810856339,0.92147861802367725,0.57726653549265927,0,0
random_101,final,7,2940.7927756325612,0.074595971854938006,8.5197146603617426,16.918957516926511,25,98.973616949166129,15.055051347585207,13.101749483271005,14.431051131039755,9.3729829819573975,13.971675648113726,1.054251280523125,0.63030771809111341,0.54064769231267484,0.93611416026344674,0.64537611624035118,0,0
random_102,final,7,29482.127302350546,0.0084526808967163702,9.1058980634540827,19.298027348157195,25,98.973616949166129,17.339986635037796,16.605220450711421,13.424741348836372,9.2375697403135302,13.117350702832947,2.0105688713617029,0.72821858344913437,0.38352817508972437,0.92257483682196717,0.62040260329953079,0,0
random_103,final,7,1148.9709699721998,0.20292160961352393,6.6451471127690898,15.545142611651297,24.820924898932287,88.120078982042131,12.05563856312493,14.815050410753903,13.985587326977885,4.7236803493185606,5.2772620046569134,0.94469039680967215,0.73013673711728755,0.62913111339364625,0.93348982785602508,0.722264265173301,0,0
random_104,final,7,9558.722338665968,0.03054811871256238,10.843847199677153,21.243958200087793,25.000000000000004,99.595808658971492,18.735426049323923,16.191541080282736,17.217877662110627,12.299090343105247,15.386176725247578,5.508958928221511,0.70801884910018309,0.70368796002539169,0.91568047337278102,0.56213107310428334,0,0
random_105,final,7,46097.050286016914,0.0066751915000737676,10.560965975156833,20.567330669377498,25,92.010240644886409,15.979210854617996,17.536357592553358,14.463716047482233,12.927381230590502,14.717902910289206,7.5368686237544855,0.70848664718148113,0.6178038947854928,0.91271940370281313,0.57454215226275163,0,0
random_106,final,7,5001.9384059944969,0.049695859356623857,9.4188589116286128,17.893736251166995,24.743404237291539,98.973616949166129,13.298154845781983,14.499099001481357,16.285640135330915,14.429617209104673,7.6617242816775351,7.8880323238575922,0.85531216023452439,0.43329133556043153,0.92744122965641951,0.62100802179506587,0,0
random_107,final,7,4564.4003111031761,0.062317766196983954,9.6845115120854501,19.565157694455717,25,98.973616949166129,14.62235657230408,17.312973488718644,15.779331308914571,11.592375067533345,14.163686369648422,3.0955621166818679,0.45368158383434226,0.45612558904841294,0.92195460861509959,0.60254275768124721,0,0
random_108,final,7,15179.108260801802,0.018049197920939002,11.583847994783158,21.117672589262845,25,98.973616949166129,22.745955401267199,15.675437363520047,15.925478311443884,15.54968059688559,16.523563282089857,5.0663337070198082,0.68280174844864605,0.50153354759028934,0.9123162696401419,0.54487664598153474,0,0
random_109,final,7,12468.302918826521,0.022866781976527802,11.681536912886594,21.590351722272434,25,99.60137055425227,21.868541728871392,16.577091369567903,15.811065087735624,16.110447012925825,17.141791119574265,4.9488939562012444,0.58440507409680154,0.41005995411973728,0.92640918580375786,0.53730891478734677,0,0
random_110,final,7,15829.964507157556,0.01876281486026472,9.6626846143870715,19.674057431498973,25,92.22174706926279,15.255532589030055,17.507934092772384,14.08703033770133,11.598125438647816,13.370372499489646,4.0984315657020591,0.7298186653067249,0.65423172644663274,0.92208703790360314,0.59648857272589673,0,0
random_111,final,7,7263.684274924316,0.036972267838900293,7.4412913697806431,15.89229354673869,23.825905393625177,92.961971424877007,12.156153706531072,13.641621772612282,15.962224429154505,6.5863303291850448,7.4139915391508913,2.2115663558216103,0.80280803002592582,0.75563479576385828,0.92346123101518784,0.69940971696685339,0,0
random_112,final,7,1537.7660090043637,0.14262267214051369,7.0980488639930899,15.174718119887647,25,88.120078982042131,11.030421221968769,11.922888472007333,12.91196045842003,7.0107727725748781,8.4470914705737687,4.4749516593806566,0.56939006732925257,0.41691478969007484,0.93019943019943019,0.69184198577266531,0,0
random_113,final,7,1604.2093013394597,0.15505355850610886,6.3809967321204315,14.58679766501858,22.938365220758733,90.043441200240167,12.612228079544433,13.516740112747456,14.195268859492824,3.4625858936440785,5.5633777104058524,0.77060984357290352,0.51037980616345668,0.41678355139251744,0.94230769230769229,0.72680490388981378,0,0
random_114,final,7,431.55775262130845,0.61534787966768423,7.6314752785110276,15.370008240394633,24.212271743336334,89.590662843300194,12.979262540288897,13.664622337470167,13.10704516073838,8.188956579115759,9.6232196776109333,2.4261019468776865,0.50611918340017303,0.55647480258631488,0.93573372409462008,0.67655516876040567,0,0
random_115,final,7,5961.410032910384,0.04253121272877803,11.551877691003245,21.666666666666671,25.000000000000004,98.973616949166129,20.199408638659293,15.977821230930632,16.304972982739496,15.918652284743139,18.543077957428199,4.6329564310382381,0.4922956109535282,0.34583639153348428,0.92155830481705714,0.52989253821704252,0,0
random_116,final,7,8428.8602241032186,0.029757525910854107,9.3430577216695099,18.757157748756029,25,98.973616949166129,16.508881385031223,16.640742821848598,13.815658790050673,10.910193883769873,13.145676758255796,2.8760415040892577,0.47399127888592818,0.37327535142481105,0.92431818181818182,0.61555925533525047,0,0
random_117,final,7,9823.3081353392045,0.02827571232445128,8.981098129731004,19.235612671040279,25.000000000000004,88.120078982042131,16.642630874113483,15.208095985665137,14.791400346835577,9.6176460242795727,11.813895928849687,2.5212749426293648,0.52782874731302387,0.72601218816229074,0.92768919829328544,0.62524595126381111,0,0
random_118,final,7,1515.3560262888645,0.18020193481670987,9.186777808208328,18.338155736503609,25,98.973616949166143,14.458161699736056,13.657392205685047,14.984095520183327,12.002195214235922,12.278713261865397,5.132189443596114,0.64273969332858005,0.3387354270362764,0.92028660994178235,0.62206750416225221,0,0
random_119,final,7,2726.28370143455,0.091199730428383571,7.5032468408272583,16.600242080628426,25,98.797850780397241,14.122038572434464,15.712046048452816,14.292727714337028,6.6485114914489696,7.3041861059989186,0.77929974247370726,0.52194791252050632,0.64521713895170707,0.94009601335838033,0.68170122597245342,0,0
random_120,final,7,6199.1225761379555,0.049881144078076395,10.50784511280014,21.641164404030544,25.000000000000004,98.973616949166129,19.700901539100556,15.882078481125323,15.855177650677721,11.098500171888887,14.758652551030325,5.5212788723282671,0.84084711850422067,0.40532451774586542,0.91855969067182208,0.57529892538217042,0,0
random_121,final,7,2168.4387602094935,0.096722274908202177,7.9978504017411085,17.351050416127197,25.000000000000004,98.668635547013892,14.861654370863548,15.23604190072418,14.246516192664236,8.3768718245246028,9.1440322369499825,0.8960423259280671,0.57269203956428694,0.64895232271004755,0.93323410588985756,0.6642954442258211,0,0
random_122,final,7,3588.1050596335026,0.06947041135031172,7.8587577440725154,16.720523233221982,24.743404237291536,98.973616949166129,13.826411499586108,13.773873838970299,14.851465933409886,7.6427920731649959,5.1501715540647819,6.3585101862919489,0.76857680908284354,0.49826005800932527,0.92229799545360613,0.67549568639321933,0,0
random_123,final,7,7721.6305778358646,0.034573311593621314,12.139839410264948,21.745724488620219,25,100,22.268759123685474,15.828809223565475,17.759461694309636,17.665863221457162,17.799223459740642,4.8897176609188504,0.5375351907374607,0.36934570770480485,0.92607419268748337,0.52520054487664602,0,0
random_124,final,7,6242.7385950501684,0.042794376196601196,11.145717495307453,21.103861782737717,25.000000000000004,100,19.898109486426542,15.328981997990677,18.833894062617212,16.768147262219536,15.739983970420646,1.6306232905250961,0.44867674361899612,0.51732314864089546,0.92873388931008338,0.55622824277281668,0,0
random_125,final,7,7215.5236727795846,0.036689032906845644,8.6312361689279413,19.487859629841179,25,98.973616949166129,16.608339586004639,16.417225172067685,14.210636150020163,8.2520084766157762,7.6613766739411053,4.5730338107791066,0.82698669098107014,0.50028279101397954,0.92620976571053204,0.64023005902830332,0,0
random_126,final,7,3113.1372915799152,0.081081286986366893,7.9700093102807275,16.940565538010265,25,98.668635547013892,14.606508411908651,14.835345758768295,13.049357834226358,8.1587914474717085,10.438541383964424,1.6136140393862555,0.53992910884717493,0.51798649767303828,0.93668449197860959,0.6627818979869835,0,0
random_127,final,7,4494.9827121467815,0.066535505731314407,8.8711247043003354,17.984587128475393,25.000000000000004,98.973616949166129,14.582324048955888,13.57539458070643,14.822891481982428,10.166592101555331,12.989978896311133,3.7577866832773879,0.56283948541271045,0.51119035620146969,0.92668881506090806,0.63326774632965033,0,0
random_128,final,7,18089.679804805866,0.015714536070041852,12.277006795552778,21.859216869775096,25.000000000000004,98.973616949166129,22.699392005729948,15.335620695241658,16.824590002263285,17.919471475429702,18.591816692240069,5.7497403145049182,0.68213812218636904,0.41328505682612665,0.92322300596852958,0.51505978507643413,0,0
random_129,final,7,63248.829012242917,0.0041778054537703309,11.826149763069614,21.180244766815353,25.000000000000004,100,20.320138021547425,17.288016815358773,14.546707824363331,17.281060386563798,17.733022314785277,6.512275208170081,0.50900652858610829,0.41897100518208474,0.92529801324503314,0.52868170122597247,0,0
random_130,final,7,8829.236473923962,0.026714653938876703,10.063812439011825,19.217414958793029,25,98.973616949166129,16.540091204789668,15.870553238582296,14.803086674446783,11.254564499922841,11.727627505072089,8.9300240663876291,0.8182866282764486,0.56626569461696952,0.91829988193624557,0.58861813228394122,0,0
random_131,final,7,32228.231934221942,0.0077840911116975834,8.6308651133096035,17.889290937018274,24.743404237291536,98.973616949166129,17.807738151005488,15.166021642348074,15.095321457371126,8.8309498452606245,8.5562940304657857,2.6435459878361622,0.48446120715063412,0.46258858503893491,0.92730419731717872,0.64870591796579391,0,0
random_132,final,7,26099.498282869405,0.0097481634032318618,10.908087727427201,20.881411062134653,25.000000000000004,99.414849205188546,18.505180457093513,16.748672433253883,14.204064858095778,13.133833383219086,16.547029743378925,6.9943199001156939,0.64800970657559798,0.48359133768510204,0.91739238616571284,0.55804449825942182,0,0
random_133,final,7,5582.6649739099603,0.053026072358815346,10.330432349292415,19.441965185153165,25,100,17.945856951364064,17.177269431558599,15.67886100078012,13.90454862368925,13.115469170558736,3.8388584497598814,0.5692866410237577,0.41330852560492981,0.92389758179231862,0.58982896927501138,0,0
random_134,final,7,51564.144665726912,0.0048291770866622308,6.8011800416450932,15.290258425702113,23.924162839482321,90.13790668056491,11.754794567011233,12.235771452395678,13.675421224757429,3.9730613847834397,6.2232211045458374,5.39252052722565,0.69540913659475456,0.45924093584680825,0.92992992992992995,0.70304222794006355,0,0
random_135,final,7,1622.4501783855399,0.1163024313953186,6.6579464490775759,14.889338731743134,24.126706179599942,88.120078982042131,12.118801221630395,14.664490180466876,13.677419518914762,4.0199509656202697,6.7477551604029671,1.0035150079532649,0.50033973148997424,0.5312998061421792,0.93767258382642993,0.71953988194339336,0,0
random_136,final,7,65262.49931155971,0.0045708161019650025,10.658342574222342,21.041214207991636,25,98.973616949166129,21.440541585141037,17.162422546149422,14.216913304575032,10.784620669637405,15.018117584934428,4.1530900085665889,0.95799664850526423,1.5330382462695755,0.90972056364939102,0.57650976237324048,0,0
random_137,final,7,7680.149342132765,0.036017991745444088,9.4129665793464632,19.021648268860677,25.000000000000004,99.62848273304121,16.566945712861315,14.875961742490663,15.825678053378654,10.868754868461671,10.831625719333884,5.1654920409285054,0.69884047891725853,0.47043401839981402,0.92183594637582367,0.61404570909641287,0,0
random_138,final,7,21235.024730829678,0.013971791582355834,11.176901259799422,21.478901697624654,25.000000000000004,99.735691470045396,19.198215925380989,17.436077745497553,15.14749671167943,15.840475074607768,15.800708926550353,4.698276149626631,0.6954778940345957,0.59848165101806561,0.91600397614314111,0.5578931436355381,0,0
random_139,final,7,50950.33168583412,0.0046510581216977036,7.6380755419687256,16.085159555153353,24.743404237291536,98.973616949166129,13.066480704820403,14.676281320503609,12.692600644331279,5.9471806238805245,7.3984176943008135,6.1069424403093029,0.80390739150805668,0.41279351609586606,0.92801515470427276,0.66732253670349628,0,0
random_140,final,7,10377.122830204082,0.024546256318327159,8.0307919642174159,17.432343711689754,25,98.668635547013892,15.837975928036167,16.075368313135069,13.889296541138391,7.9782051587239469,8.3063081023416903,1.0249850439190062,0.58627340770659253,0.54792321873851058,0.93331931005469082,0.67156046617224152,0,0
random_141,final,7,59832.357826005427,0.0044627170810491472,12.165957609105167,21.901194008535104,25.000000000000004,99.488716429886708,24.801827460195433,16.183745511790804,14.451218244975484,17.570647493439541,17.390694984045954,5.7212792344864747,0.73345542594726498,0.47479251796042354,0.91563406274716586,0.52565460874829728,0,0
random_142,final,7,105707.37320654895,0.0029761559539999136,11.564829894208009,21.523356154554779,25.000000000000004,100,23.43408682982416,15.609694723648316,14.726836612375896,16.18439108219706,16.879214937002359,4.7072366525184428,0.57319366846842668,0.40398464762944458,0.92460213931646229,0.53640078704404415,0,0
random_143,final,7,4640.2560915614713,0.056502870985348702,11.04877094141308,21.666666666666668,25,99.357276636111663,18.769815602073876,15.285170323959195,17.354574510516144,12.422312927933133,14.854622270257888,8.2566443444632451,0.80330517451877115,0.64372237758235029,0.91411648568608095,0.56061752686544575,0,0
random_144,final,7,13977.021751022055,0.017582947570125733,11.757921274854919,21.748761339033727,25.000000000000004,100,23.459246656446226,15.562699711853814,16.595554274815662,17.837080175068657,17.235146991937359,2.4900042462228589,0.46617978637963947,0.41745835611514248,0.92972972972972978,0.52065990616013325,0,0
random_145,final,7,11651.889888774394,0.024216525029650406,9.8494282683303833,19.080041979090232,25,98.973616949166129,14.714087452677909,17.517709283332835,13.735926726495542,10.879324235190436,14.312958266224321,6.4699510918127006,0.64898177584949557,0.51648731505987666,0.91718858733472508,0.59845618283638569,0,0
random_146,final,7,9881.0422593069852,0.028276259187170614,8.1185731408499322,17.163749938308701,25,98.668635547013892,14.984643473045326,15.172202460893921,14.451603673955175,7.4211417844060987,7.1030540975853054,4.7346676882983001,0.59642396461880165,0.48484798399656903,0.92697466467958267,0.65899803238988952,0,0
random_147,final,7,699.86360495714632,0.23658964163414831,6.398252936048797,14.046088486589309,22.882789606932487,88.729019253031112,10.583018339165319,13.858646471359163,13.653000027915789,4.2165337113785233,6.1196199771594371,0.96106472070136817,0.8234217418204447,0.97071849889042616,0.93507006118018554,0.71711820796125325,0,0
random_148,final,7,12590.844233668486,0.019527329818591208,10.066594451637066,19.894743508894901,25.000000000000004,97.509497976522425,13.093864245365578,18.734910918080708,15.844676107074552,17.39044184633515,8.097701365593668,6.1741730894470699,0.78525276117230713,0.4117352800275324,0.91988821611550997,0.5978507643408506,0,0
random_149,final,7,3599.2891936560027,0.058655175796834984,11.753699212357521,21.36380949243966,25.000000000000004,99.721442249725484,20.340169265755016,15.156354982995023,16.004046754989577,16.497553117462516,16.886217365347139,7.6878496571921495,0.81507945023114359,0.64232310488766586,0.91645044110015572,0.53458453155743912,0,0
random_150,final,7,5132.5652591118924,0.049400422147884648,10.053224208220549,19.009905500592716,25,94.842810863243983,16.174560725916262,13.692068798240458,16.960882416667836,11.757751346340621,14.680040172932804,6.1390983070770444,0.54834781622234119,0.47304408236707712,0.9221263697831662,0.5986075374602694,0,0
random_151,final,7,16778.90189466919,0.01652631337548988,9.2906512489845774,19.389485637902027,25,98.973616949166129,18.502220768234736,15.559102071129031,14.831801122958765,10.002845741787375,13.390983102091026,0.91182749297099408,0.534753057578916,0.59167663512579427,0.93327301515494232,0.62448917814439231,0,0
random_152,final,7,8053.5454269136462,0.033939900774969542,9.8818323356824944,19.481866398801795,24.999999999999996,99.007434405252198,14.227794498640034,16.150525508950313,15.158774771755219,14.939723969698507,10.259077964559268,7.0759450930950107,0.82087721742964059,0.42193966133209598,0.92286180377534377,0.5993643105796882,0,0
random_153,final,7,17699.804881096567,0.014105671954952785,10.581788835386506,20.075832011887705,25,99.132936605828633,17.83069761026881,15.96128705392028,14.888080301413241,12.434004174797712,14.925263686372734,7.4315726356470337,0.69574013345141883,0.48766508722084756,0.92196819085487081,0.56152565460874826,0,0
random_154,final,7,24465.291902654164,0.011513881882200403,8.8973309969615695,19.193323127810871,25,98.973616949166129,16.346493996040046,17.386489951405672,13.990157228282644,11.345919622185786,6.4779960467349715,4.6540543877890546,0.62878082435951199,0.34875591889485719,0.9207290294246816,0.63462993794460421,0,0
random_155,final,7,3146.6107496147383,0.066008649901108996,7.9535616883129512,16.112740441901678,25,98.668635547013892,11.672618529188131,15.380910105672697,14.531538866966935,9.4236424235345062,6.9181472332435892,4.387776653752633,0.61835663185112033,0.69550306229409609,0.92872117400419285,0.6705009838050553,0,0
random_156,final,7,22374.144822918792,0.010587868125492762,12.409124999832665,21.829583846939773,25,99.906881878666454,20.434263488593469,15.642062443714687,15.252000015956805,17.584657552029654,18.813492133060713,10.12411728615594,0.91467063705197527,0.50773644209809976,0.91359696641386778,0.51051914635992135,0,0
random_157,final,7,101963.74938834294,0.0025832364852524919,12.859923396310165,22.459935004476382,25.000000000000004,100,25.13707416752408,16.841252398702146,14.760027367810912,18.234123070742143,16.350332563705841,9.967546352774896,1.2202844854986503,0.36874676372264864,0.91112353269983226,0.49341607386105646,0,0
random_158,final,7,39253.839741097312,0.0070346474331372377,10.419863652822299,20.696359005421257,25,99.922895137006506,19.551156885264614,16.44719257833377,14.203733591507813,15.073199331452932,15.744324815409261,1.4846408432186038,0.37435956092748768,0.48030161646393088,0.92698953516670723,0.57650976237324048,0,0
random_159,final,7,86795.176147250255,0.003445381951761293,10.870377567825807,20.983775761592465,25.000000000000004,99.012020564307974,20.599019999069597,15.822113448327174,14.523785628202127,15.550275126332586,16.112289264980522,2.8796995576760067,0.64121667570767116,0.83462084231079725,0.92273291925465839,0.56213107310428334,0,0
random_160,final,7,10738.244887220015,0.026131820964176711,7.5569020463271563,16.084233868882201,24.999999999999996,95.01946999997422,12.830010805376043,15.803993939166743,14.134399930879519,7.0717338591571055,8.6369484546213329,0.87235186517869101,0.56407380483673919,0.54170371140117501,0.93627552072592291,0.68714999243226882,0,0
random_161,final,7,14086.408191158911,0.018178119294301982,9.4951364390545798,19.333210170278857,25.000000000000004,98.973616949166129,20.027713679463037,16.077134093198318,14.331929344443255,8.8923900121759729,13.713446624205263,1.5218369908191378,0.66218753437485911,0.73445323375680149,0.92510306917086582,0.61132132586650523,0,0
random_162,final,7,3994.3591886847894,0.050264281839952844,11.859792836660315,21.799974440208185,25.000000000000004,100,22.688120408652292,16.084916796819421,18.841256532418509,17.940179683095081,15.69320447338133,2.5578811637346686,0.56156914996613105,0.51121448521506707,0.92099625066952329,0.52050855153624942,0,0
random_163,final,7,5410.3730986069695,0.045981617167653505,7.2988845959414306,14.986445347189353,25,98.668635547013892,11.501775510080753,13.992298019153823,12.737547029447317,5.3722627452806488,7.1903914708854844,6.0801896076937902,0.88254305104043418,0.63406933394920684,0.92971970321516906,0.68276070833963975,0,0
random_164,final,7,5626.4119859436296,0.045980254925723267,7.975881852586828,17.009447516144093,25,98.973616949166129,15.515309147547523,15.587998584818283,13.699494025328086,6.5302662726913203,7.0162942440172245,4.3335243212373022,0.73053998631947814,0.3936282387355029,0.92500522247754335,0.67019827455728775,0,0
random_165,final,7,18961.490377604117,0.013641212877896502,9.9012205147827306,18.678855604391511,25.000000000000004,97.963664547327227,15.075888998631404,16.055476393794287,13.93082488895125,11.392413796585998,13.409144585857534,8.1714631771643198,0.68452307835178638,0.49002919892534708,0.91901408450704225,0.59255335250491903,0,0
random_166,final,7,7680.0929389180674,0.038537712315165333,8.7932077606122654,18.120830086747638,23.147454329984221,83.19224785007134,15.350254986837207,15.802804708385782,14.310224182999153,10.643653263728075,9.7171037116637287,3.3864842877767996,0.54685352956104283,0.58828341394647887,0.92841163310961972,0.62812168911760258,0,0
random_167,final,7,3850.5548638046798,0.060694051420049855,9.725568338409893,19.079137057647582,25.000000000000004,98.973616949166129,14.27023380817905,14.460635968820254,15.471771725280641,11.982206216763437,14.248803346689357,6.0825281772845541,0.88382208602285417,0.40454537823910675,0.91708088567555357,0.61434841834418041,0,0
random_168,final,7,5485.9543981696761,0.052556623210297131,8.0106501232146616,16.618083338564045,25,98.973616949166129,13.616114836051556,14.601234379943001,14.726628666124894,7.1449280091421565,7.7277164013590776,5.1968227847244872,0.70443046580164081,0.3673254425705304,0.92378559463986598,0.66777660057514754,0,0
random_169,final,7,84419.110223305848,0.0032300797716458582,13.451287644566014,22.526158501083195,25.000000000000004,99.752759963033768,23.607242629751479,16.806360995352108,15.254833130079909,17.832713985964041,20.500750316703467,11.974873362930889,1.032887843126356,0.6006388926198345,0.91615362063910877,0.4729831996367489,0,0
random_170,final,7,3759.0590620811704,0.073709805755262134,8.9498774652276616,17.768089941131688,24.822562645515415,98.973616949166129,12.899814048037928,14.643118471140973,16.136373452500283,12.585151824589426,8.4272057162667675,5.7030779373646636,0.73194475782634971,0.47233351409494512,0.92267479851884127,0.64113818677160583,0,0
random_171,final,7,4471.964549817505,0.059601607316088677,9.1725843854415263,18.041039171706302,25,98.668635547013892,11.304956479187293,16.384750596580396,15.346735756542884,15.647151061392632,7.6386106625048829,5.3929252669475076,0.89022623214471219,0.77531902823200349,0.92047758504167609,0.61843499318904194,0,0
random_172,final,7,23661.118521381646,0.010942995135867212,8.5757422138491108,17.713237609646828,24.305610531766803,97.222442127067211,14.18758658718113,16.084009215941954,14.255047567958858,6.5772082460938615,7.6569569019510544,8.1070001138925516,1.0737793638027033,0.66434971397085019,0.91806091806091805,0.64779779022249129,0,0
random_173,final,7,37436.777564524637,0.0068100584294655325,10.376964693935077,20.857199812299566,25,99.525524432837798,17.130606105621624,16.996512474203954,14.15779366914829,13.014133923507083,13.52361461967214,6.8285255738285331,0.93445546350070774,0.43007572199827632,0.912124849939976,0.57499621613440288,0,0
random_174,final,7,1280.7496403961786,0.16936061875373545,9.9487037861068437,19.603340511886472,25,99.298642250933383,17.076518216853902,15.500640827603355,15.796772121618375,11.60912765068138,13.243142004134148,5.0285993363984183,0.77725625143086485,0.55757388013433107,0.9179714886655761,0.59452096261540788,0,0
random_175,final,7,18601.116751792571,0.014531982997396544,8.8625983969993687,17.716233801063026,24.259693055702748,96.387321512152653,15.416759534557015,16.919863899150965,13.782951134100726,11.784624485678084,6.5263287621105066,5.5104943466301801,0.56031580315852936,0.39944921060895711,0.92194371152154797,0.63462993794460421,0,0
random_176,final,7,17736.930655250511,0.013731532734477414,9.2772229534873745,19.503804421345428,25,98.973616949166129,17.33901023101502,16.014572275035466,14.607919004761074,10.091932160482163,10.973512110563993,4.1167999673699782,0.6024761393764454,0.47156173929491185,0.92789968652037613,0.62721356137429995,0,0
random_177,final,7,3273.2437597866829,0.075015894215423873,7.9968585431572512,16.79745108373962,24.999999999999996,86.089433109412582,14.710486774470127,14.939311968325642,14.238727011665848,7.4446980142356045,9.7307924484464152,1.5278354139859007,0.57799945181837686,0.80501726231016824,0.92924826279216677,0.66792795519903136,0,0
random_178,final,7,7828.6149047834306,0.029440507841124192,7.6869350331673392,16.300349253917702,25,97.523608033709849,12.398878957673832,14.68935536572006,13.699931219751402,6.6354512090783375,6.8227732317788261,6.1435397588913272,0.68053729528653473,0.42501322715845252,0.92515592515592515,0.67352807628273048,0,0
random_179,final,7,41408.335368515051,0.0056170039524910016,11.111652245256993,21.27141869341855,25,98.668635547013892,21.871752442426956,15.890307410724326,14.414394756444349,15.145436308216102,15.44499614763793,4.7065272001446656,0.69053348998034692,0.72927020648130114,0.91379310344827591,0.56152565460874826,0,0
random_180,final,7,14990.127850673132,0.017654956766077836,9.5891106264535075,20.11265330585308,25,98.973616949166129,16.747031034746566,17.493170825428681,14.885842551028913,11.417077237660603,13.802624772838334,1.203365537480714,0.65833695862178032,0.505436093822486,0.92763611302549964,0.61116997124262151,0,0
random_181,final,7,2766.9030650461109,0.0893592552906224,6.7754580899769552,15.532034290366365,25,98.973616949166129,11.768414141294516,14.458138208120468,12.796117769607546,5.3537083618297974,6.9579764217146574,1.9721459307323626,0.55064348904710492,0.34652039746926694,0.9353673223604978,0.70531254729831994,0,0
random_182,final,7,801.47276973267628,0.27624130166365818,8.8634171371567536,18.82227981289298,25,91.452123464570661,11.033677724825143,15.694532615746089,15.590634735404834,15.331983832323104,6.9412218400903258,5.1392911974846642,0.68026169722108487,0.4957334541588958,0.92673749446657816,0.63372181020130169,0,0
random_183,final,7,69873.988190497214,0.0042176176426460413,12.63052904584819,22.025839435210539,25.000000000000004,99.608731506948061,26.585934874436628,15.817113380703276,14.415539763081602,18.947565151956191,17.663971748470804,6.5148421860504033,0.6478451569786905,0.45142010510786729,0.92247191011235952,0.49704858483426667,0,0
random_184,final,7,310.60187597877575,0.73123208148587893,5.5416731859150143,13.454732433922819,21.220130499724831,79.154627406123225,9.1876869782883386,10.216761341789402,12.444406886717946,3.7567164138093849,5.7596621998360851,1.9318117535464843,0.5689607423380173,0.46737917099449167,0.94292194292194287,0.7551082185560769,0,0
random_185,final,7,37994.220984303429,0.0069670306889750887,11.352901133864281,21.477819370994936,25.000000000000004,99.371080269471818,22.853124943154381,15.816574104666095,14.931902975271178,17.191005318526159,16.596297055303868,1.7376233112398389,0.7739029704111452,0.92277839234164161,0.92157360406091371,0.54956863932193134,0,0
random_186,final,7,13089.343112797389,0.02300652229101419,11.39090308233717,21.633861386312049,25.000000000000004,99.62848273304121,22.808210986849677,14.881485180187383,16.148213104352944,17.016431891383156,16.779884395141814,2.2633786517599912,0.57574014509038074,0.65388030393203567,0.92617277621122784,0.54684425609202358,0,0
random_187,final,7,15951.391871605136,0.015410790857113795,10.186107207284083,19.976136052758481,25.000000000000004,98.668635547013892,16.418105369242024,17.13701879206058,14.069465122656387,12.822446595749884,14.495523914979497,5.4627398885933083,0.70193187403813528,0.38162610095289834,0.92076372315035804,0.58392613894354473,0,0
random_188,final,7,11957.349719782658,0.023216778929524232,9.6479781933554847,18.346841319608689,25,98.973616949166129,15.60035446635859,16.880061726625389,15.401599596731234,14.506005327459384,11.213982825138052,1.9734885701064571,0.69440522513500158,0.91392780928982387,0.92004555808656041,0.61132132586650523,0,0
random_189,final,7,2952.9349427843704,0.068683431304748327,7.0101637020646024,15.06710982668506,25,98.223150642852204,12.230712716966218,14.623779768898755,12.81552123963332,6.1763998066219248,8.3048506837436022,0.95712848837359843,0.55856633191659355,0.41435058036286554,0.93738564748932707,0.69789617072801569,0,0
random_190,final,7,4141.9501175051364,0.060431188194099164,9.2708167172751814,18.948100220320686,25,98.973616949166129,15.887528746002088,14.988145328964727,16.249841132867175,10.234189977143403,12.506540677892536,3.2557434231349784,0.68601282634243177,0.35853162585424686,0.92080324909747291,0.61767822006962314,0,0
random_191,final,7,108625.40828434911,0.0027073377562860908,10.249173617600666,21.078208942430383,25.000000000000004,92.22174706926279,18.037414325834224,17.106423953946859,13.887221548440539,11.055554329539374,14.742624466179574,6.0098192530846823,0.706318387642065,0.44801267613801099,0.91943241943241938,0.57862872710761315,0,0
random_192,final,7,19337.840811769067,0.014411896270739412,10.743540112053706,21.18584702635604,25,99.415879123923048,16.798385868803383,17.082823504351431,14.278870363634566,13.064981368679776,14.951004571479073,8.3648935441029018,0.91596992371377395,0.49139175166478494,0.91198456715698095,0.57242318752837895,0,0
random_193,final,7,12848.807978008346,0.022958879052681628,9.1707970305206192,19.405965887290247,25.000000000000004,98.668635547013892,17.580542289292996,17.13787407275823,13.657399161116697,9.5044906987999376,8.9127210309115235,5.4721769810058012,0.53536273120007449,0.5658092790796635,0.92326621923937358,0.62464053276827602,0,0
random_194,final,7,965.70194515637763,0.24082322973661868,8.8932355549544884,18.021159989525614,24.743404237291532,98.973616949166129,15.316487701207421,15.656579809562034,14.78722063877164,8.6719183123960448,7.3148021801715393,7.5214243184980782,0.88943487142038968,0.98801660760879717,0.91622026998071571,0.64719237172695621,0,0
random_195,final,7,2330.4310960324719,0.1072841484682166,6.5468596444881566,15.100851076096982,21.848658905849625,86.089433109412582,10.415904340208073,13.167841333998291,13.14777442304411,4.357643197915448,5.7529306079084748,4.4550355494436786,0.68686722812187928,0.3908804752653679,0.93039489429597133,0.70606932041773873,0,0
random_196,final,7,2088.5611834477736,0.11342171586238201,8.2255368704341922,16.686369828073083,25,98.668635547013892,11.526438507487049,12.070134555027824,13.805534637498662,12.547540736129989,7.3658981416122122,7.1057686046721775,1.0559058297557007,0.32707395128999656,0.9183758894935119,0.66414408960193738,0,0
random_197,final,7,186072.44902777934,0.001583489740729257,8.6799475358980498,17.208848146741801,24.722623881639102,98.890495526556393,13.295535430194194,15.787816863723767,14.039232307144651,12.558061549629985,7.465857577109297,5.0067166247781065,0.5417752854072192,0.74458464919727285,0.92256542256542251,0.6509762373240503,0,0
random_198,final,7,2380.1306740707591,0.10597751316589098,9.3618467111190498,19.600799781176597,25,99.321412700196561,16.081853894276151,16.001786139540872,14.828248619087443,11.568176018881813,13.097760043198468,2.2861432704652254,0.53067268488292985,0.50013301861959514,0.92382022471910108,0.62221885878613592,0,0
random_199,final,7,14794.054768357359,0.017845126383444571,9.7595883894715545,19.494619191211516,24.599039766345381,96.243619526240195,14.826221536109241,16.596230242972855,13.919721267449967,17.129494597011139,6.8376226984551183,6.9336875883435001,1.4248936233763256,0.40883556205433608,0.91855716878402904,0.61283487210534282,0,0
