array,ratio,true_feed_below_1pct_n,eligible_n,estimated_feed_below_1pct_failures,scored_n,absolute_error_mean,absolute_error_median,relative_error_mean_pct_positive_product,relative_error_median_pct_positive_product,relative_error_p95_pct_positive_product,relative_error_scored_n,zero_product_n,zero_product_absolute_ratio_error_mean
selected,ethylene/ethane,233,767,176,591,1.9518961396240648,0.67934618814201408,1486.3594171924799,100,914.87265595228371,519,72,0.58512268744608942
selected,propylene/propane,219,781,43,738,0.82967988728629527,0.1876524781404654,107.36923452414824,41.376568934521167,276.13028228095664,655,83,0.049779641132333921
random_000,ethylene/ethane,233,767,381,386,1.8555336357100385,0.69017528682558926,649.10685012871147,100,100.00000000000001,343,43,0.45920741105286028
random_000,propylene/propane,219,781,164,617,1.7059989804538609,0.5280657077818568,433.46385145682092,100,1196.3405328045724,536,81,0.35582936349660499
random_001,ethylene/ethane,233,767,471,296,2.217627270169872,0.76077601559435815,162.33982671492583,100,230.09719565701363,259,37,0.4505759392039364
random_001,propylene/propane,219,781,272,509,2.2742038124474244,0.64824485688126199,368.51099543763712,100,1806.0193602935958,451,58,0.39565715941634966
random_002,ethylene/ethane,233,767,426,341,1.800496939780081,0.73380262255967843,116.18250132402268,100,100.00000000000001,305,36,0.68535604654755833
random_002,propylene/propane,219,781,334,447,2.014876240831923,0.74737997734433836,301.36507260344916,100,872.98260683349952,393,54,0.93435204661903726
random_003,ethylene/ethane,233,767,523,244,2.1982120686670248,0.83939823960264304,4780.6736928407163,100,100.00000000000001,220,24,0.33915163658939945
random_003,propylene/propane,219,781,557,224,2.6948208723064959,0.80362645553928846,343.25346221356131,100,1800.9664498831764,199,25,0.95268669291439767
random_004,ethylene/ethane,233,767,326,441,1.8782444028974306,0.71222582862236539,179.88470882932708,100,116.42959952896777,390,51,0.36517680971556049
random_004,propylene/propane,219,781,362,419,2.1984055447033253,0.86206011021803286,310.65615721443032,100,407.86317134942738,373,46,0.80334156675839086
random_005,ethylene/ethane,233,767,423,344,1.8358841353940798,0.80984120440682328,139.10763792260252,100,100.00000000000001,307,37,0.11693957852835538
random_005,propylene/propane,219,781,399,382,1.9576523567972968,0.78943882529928433,600.58598155387176,100,165.58293756289993,332,50,0.18499761261433723
random_006,ethylene/ethane,233,767,509,258,1.7718625529178205,0.84363332376827338,160.23554465552132,100,100.00000000000001,228,30,0.096742970170571888
random_006,propylene/propane,219,781,451,330,2.1785914361874457,0.80746895847898936,142.39230760398277,100,153.37656760847108,299,31,0.19129560554484454
random_007,ethylene/ethane,233,767,623,144,1.7422716144174006,0.81365649990934275,112.67388166590544,100,100.00000000000001,130,14,0
random_007,propylene/propane,219,781,478,303,2.1717855033273117,0.68933022139350253,874.13785439846276,100,327.6302962072233,263,40,0.68788699912726836
random_008,ethylene/ethane,233,767,510,257,2.2723721141235385,0.73380262255967843,154.14214028091473,100,100.00000000000001,227,30,0.11170800352016111
random_008,propylene/propane,219,781,438,343,1.8864144953477577,0.74569700237135927,217.31390127184301,100,389.64976290809983,299,44,0.29251225275296755
random_009,ethylene/ethane,233,767,456,311,2.2113095188952951,0.83280404145037634,345.18380804309879,100,582.98979893363389,279,32,1.8097224249856008
random_009,propylene/propane,219,781,410,371,1.859212399084792,0.5302204285480645,916.72816732917533,96.983855186484988,1231.6697404795082,326,45,0.28231807815007887
random_010,ethylene/ethane,233,767,374,393,2.1256661459949031,0.65333397146843086,406.10194572281688,100,601.67244868363002,342,51,0.30764233007589781
random_010,propylene/propane,219,781,463,318,1.8043211605368987,0.76980157493586276,322.62645341360616,100,563.48640479447636,291,27,1.0248128702015442
random_011,ethylene/ethane,233,767,272,495,1.9620164082608884,0.77483842305419814,570.83964438442035,100,844.52707793215814,434,61,0.3887269325859995
random_011,propylene/propane,219,781,410,371,2.0211167537468362,0.64123223420739306,688.97669736133344,100,557.20794023776887,327,44,1.6154446177982715
random_012,ethylene/ethane,233,767,686,81,2.025500969439435,0.79111584744912111,135.98567962134589,100,151.17274294619887,60,21,1.4717383266441932
random_012,propylene/propane,219,781,232,549,1.7729069870078205,0.68835742938967159,476.16153158321328,100,930.65663176121473,476,73,0.25072088438677664
random_013,ethylene/ethane,233,767,504,263,2.023307834048429,0.84014850666042629,289.33164538971863,100,575.17066342298187,238,25,0.79071305184670493
random_013,propylene/propane,219,781,220,561,2.0196521460260333,0.5501113853633155,743.72385187673183,100,1444.1596312095971,490,71,0.42902348122113321
random_014,ethylene/ethane,233,767,456,311,2.1013909109744175,0.8811109874152423,192.19418015892956,100,100.00000000000001,276,35,0.0024629219486718115
random_014,propylene/propane,219,781,401,380,2.0043496045096756,0.7680303548958487,204.33684352571427,100,396.1743957193691,344,36,0.46560572700129882
random_015,ethylene/ethane,233,767,347,420,2.1384639289080933,0.80587666297128302,138.17932700081923,100,100.00000000000001,380,40,0.34911537177520618
random_015,propylene/propane,219,781,328,453,2.1725031844703562,0.69512976885400546,1206.9475096006861,100,929.70655256925886,400,53,0.41543602720862577
random_016,ethylene/ethane,233,767,659,108,1.6845812137629821,0.73228755989895067,117.7651187480233,100,100,93,15,0
random_016,propylene/propane,219,781,449,332,1.8602751507414172,0.75615533153706238,127.72093071604746,100,100.00000000000001,301,31,1.5652758296482334
random_017,ethylene/ethane,233,767,478,289,2.1603148535045245,0.7503527492076032,209.28476359986323,100,540.80514430392168,259,30,0.043282642800509703
random_017,propylene/propane,219,781,184,597,1.687575621694076,0.48917084864899185,563.23685259579668,99.999999999999986,1212.2406164659699,524,73,0.35651304345654289
random_018,ethylene/ethane,233,767,718,49,2.8516950367923051,0.99725000769994954,754.37030770707372,100,1305.1472894063186,45,4,1.9701792044796353
random_018,propylene/propane,219,781,349,432,2.0415139457418605,0.76527268324930753,1183.5434848962118,100,1422.0794125602272,373,59,0.93583022696664342
random_019,ethylene/ethane,233,767,487,280,1.7535982365734009,0.73624659332960363,170.09793202726505,100,140.47700285886279,240,40,0.082531068226753559
random_019,propylene/propane,219,781,447,334,1.7139151845935334,0.64168510700961168,1297.1778589775411,100,342.71233941207527,295,39,0.41046354237439003
random_020,ethylene/ethane,233,767,522,245,2.2605646198167006,0.90931186558810784,62739.847481538112,100,100.00000000000001,222,23,0.20066995344289729
random_020,propylene/propane,219,781,346,435,1.9233570329842276,0.61684103481327079,164.1788123121118,100,319.07476708760015,379,56,0.12055099529895727
random_021,ethylene/ethane,233,767,575,192,2.216938559043895,0.84897163221740657,252.75148377519238,100,100.00000000000001,172,20,0.05387998715302119
random_021,propylene/propane,219,781,467,314,2.0086001238255742,0.70615440100519322,630.37072229762873,100,307.91439608539235,275,39,0.25932376148198227
random_022,ethylene/ethane,233,767,744,23,1.9488298222995863,0.53245426443807498,167.59680979631329,100,418.32670077224367,19,4,0
random_022,propylene/propane,219,781,493,288,2.2237500807471511,0.79767504358673746,303.50273888517427,100,178.07903400190725,259,29,0.13602563111096344
random_023,ethylene/ethane,233,767,405,362,1.7703889890960256,0.72341201598476323,372.70013190080675,100,100.61507144302171,323,39,0.3912453154092469
random_023,propylene/propane,219,781,286,495,2.1162362151342942,0.79311359073683663,358.37518818159492,100,1257.4880648824219,433,62,0.27685192369890027
random_024,ethylene/ethane,233,767,548,219,1.7872213065613045,0.98242612739008883,108.86906034047902,100,100.00000000000001,208,11,0
random_024,propylene/propane,219,781,412,369,2.2074217656145101,0.74708491704902147,2043.0993763148454,100,1349.1684306991442,318,51,0.74004434264320595
random_025,ethylene/ethane,233,767,426,341,1.9450903591800395,0.8267147111500629,404.96954435685143,100,1713.3339976221703,300,41,0.71439112850930531
random_025,propylene/propane,219,781,372,409,1.6184165966973416,0.6011131504502053,355.07321668693339,100,736.39773278915584,369,40,0.56182786434519316
random_026,ethylene/ethane,233,767,523,244,2.0335658514097488,0.84307047220766806,128.69994160906637,100,100.00000000000001,207,37,0.1715197403797962
random_026,propylene/propane,219,781,387,394,2.1995120292846311,0.75246875816125824,192.37347724250662,100,297.94155968402214,358,36,0.4795575992072294
random_027,ethylene/ethane,233,767,682,85,1.9086146087439919,0.99725000769994954,1002.7396947694471,100,100.00000000000001,71,14,0
random_027,propylene/propane,219,781,484,297,2.2533036441466683,0.84000084794477892,1907.768744712648,100,756.83576560676681,269,28,0.21287370078981827
random_028,ethylene/ethane,233,767,722,45,4.1491728936362344,0.91786572454367987,130.08397837968323,100,368.2109191171906,41,4,7.4277721399046372
random_028,propylene/propane,219,781,433,348,1.834310650394029,0.70752723453967414,309.74781203949635,100,655.99928638126391,307,41,0.40109716788766447
random_029,ethylene/ethane,233,767,447,320,1.9171760183941786,0.73751395467468361,153.53710969645232,100,137.57305858741609,291,29,0.29635745822998227
random_029,propylene/propane,219,781,263,518,1.7783637120873441,0.64300033475149077,1505.4358210248124,100,1232.0910062575767,457,61,0.16719348412134746
random_030,ethylene/ethane,233,767,411,356,1.89837274305042,0.68657791788094591,160.14686830664044,100,100.00000000000001,321,35,0.81548352167921867
random_030,propylene/propane,219,781,376,405,2.1025519588827981,0.77083496376659399,478.35179845735075,100,308.14752306855769,356,49,0.10970707598828343
random_031,ethylene/ethane,233,767,674,93,2.0416796870209404,0.97385125649490833,101.6798167871529,100,100.00000000000001,78,15,0
random_031,propylene/propane,219,781,494,287,2.3409791288599133,0.84255764483486129,708.36699818590716,100,663.2976469887368,255,32,0.50145341938727805
random_032,ethylene/ethane,233,767,496,271,1.664680344866587,0.69757530660341649,116.86318176013378,100,100.00000000000001,235,36,0.24307128331242975
random_032,propylene/propane,219,781,386,395,2.1177221596197704,0.64723769882008342,364.85938172972425,100,261.29039120564892,342,53,0.76115330158706818
random_033,ethylene/ethane,233,767,426,341,1.9742058633816706,0.81226651443823572,215.69446048037184,100,100.00000000000001,305,36,0.05402932361862689
random_033,propylene/propane,219,781,200,581,2.0229652901433814,0.54382375201126099,474.27187383564268,100,1120.2508970309279,507,74,0.19142706398985779
random_034,ethylene/ethane,233,767,396,371,1.7763039399121985,0.74110462537147004,223.22224800170332,100,141.84672902929401,325,46,0.11075945842313391
random_034,propylene/propane,219,781,442,339,2.0191636180983723,0.70597741545640225,183.67006538037589,100,375.02943605314289,295,44,0.55568506705367693
random_035,ethylene/ethane,233,767,583,184,1.6889246294726179,0.76611023641029563,155.97204652376973,100,100.00000000000001,159,25,0.11065740269986037
random_035,propylene/propane,219,781,492,289,2.652314168583497,0.7063313865539842,497.47512537134401,100,579.76836181462249,255,34,0.61929915943422942
random_036,ethylene/ethane,233,767,466,301,2.1178293768362515,0.73564579757406356,124.30725656069383,100,100.00000000000001,266,35,0.85749263696068878
random_036,propylene/propane,219,781,193,588,1.5364091996284124,0.51327211280074669,329.65002893089485,95.577253954336825,833.37307855132747,519,69,0.41961948069734506
random_037,ethylene/ethane,233,767,670,97,1.978409680244541,0.69038056871413001,187.45366801589205,100,100.00000000000001,84,13,0
random_037,propylene/propane,219,781,552,229,2.7362689046775559,0.9332950379911924,249.55683993934466,100,455.75808924788771,208,21,0.67798940202434055
random_038,ethylene/ethane,233,767,562,205,1.8804609811598367,0.79907715035052296,104.80576348412852,100,100.00000000000001,179,26,0.030382514693203726
random_038,propylene/propane,219,781,367,414,2.1069562816414762,0.67810709119125168,527.60674041876814,100,1377.8913992529024,357,57,0.3432491008648112
random_039,ethylene/ethane,233,767,512,255,1.6167700779410525,0.65082432656830103,99.684583370279327,100,100.00000000000001,229,26,0.024541389129912477
random_039,propylene/propane,219,781,409,372,2.3211402546415845,0.68927047544223385,549.90454962963952,100,100.00000000000001,321,51,1.55347281652948
random_040,ethylene/ethane,233,767,491,276,1.9863419056025529,0.72668550751032268,936.27144110430822,100,118.58594551669226,234,42,0.027943163146942257
random_040,propylene/propane,219,781,372,409,2.1369531429988489,0.72196800369442371,1606.921293933724,100,245.15309055052853,361,48,0.5564611385930629
random_041,ethylene/ethane,233,767,654,113,2.3764633893764349,1,116.05220460818745,100,100.00000000000001,103,10,2.0975984263973531
random_041,propylene/propane,219,781,481,300,2.1715428226188553,0.71851669518161043,523.14750407004362,100,460.07315031766336,264,36,0.28896007961653031
random_042,ethylene/ethane,233,767,465,302,2.3256150488244929,0.75538790126110733,323.67452713835996,100,1488.7680986529363,273,29,0.23328470363797985
random_042,propylene/propane,219,781,374,407,2.0414605859892712,0.5171877369889768,582.27645525671699,98.378152028043587,1216.3850739877632,355,52,0.31821345986401101
random_043,ethylene/ethane,233,767,487,280,2.1205240119163165,0.75019238693521939,149.76428291758342,100,100.00000000000001,252,28,0.056023749678712001
random_043,propylene/propane,219,781,454,327,2.4392344274073339,0.78103306939547101,612.18009461012912,100,1752.9908517485562,287,40,0.41872127201086518
random_044,ethylene/ethane,233,767,507,260,2.0703999700224283,0.79634144202496904,164.73893283670608,100,100.00000000000001,238,22,0.11326509611410505
random_044,propylene/propane,219,781,370,411,2.4185790498989816,0.69831773018609777,864.02574916289302,100,879.33055957865122,354,57,0.17613675518379682
random_045,ethylene/ethane,233,767,289,478,1.942514607027352,0.68647813860639939,315.38362520019825,100,559.5376078939812,421,57,0.68337321679871232
random_045,propylene/propane,219,781,296,485,2.1332335197673444,0.70597741545640225,764.42299398497732,100,1575.0997130297069,425,60,0.2270708588971336
random_046,ethylene/ethane,233,767,445,322,1.9593060340610642,0.75279111631986984,315.13356604539996,100,100.00000000000001,291,31,0.24964540175376515
random_046,propylene/propane,219,781,271,510,2.1406081501088257,0.71815187455238239,397.78341613917991,100,1432.509127385893,448,62,0.81422101100712985
random_047,ethylene/ethane,233,767,622,145,1.383659901306949,0.7503527492076032,155.58487534740911,100,100.00000000000001,127,18,0.20113105775619489
random_047,propylene/propane,219,781,453,328,2.5427491962256483,0.72121954692325141,273.21332844916384,100,1041.7324163180692,290,38,0.26228829206954513
random_048,ethylene/ethane,233,767,477,290,2.2056303012977763,0.79524886155183594,139.75164368092339,100,100.00000000000001,260,30,1.3132859346335353
random_048,propylene/propane,219,781,290,491,1.9426044243447322,0.71469996575689454,489.91096554170059,100,1204.8009626166283,429,62,0.58571672426820198
random_049,ethylene/ethane,233,767,383,384,1.8454848284408227,0.74299927339083338,613.30172260613733,100,226.91195268694369,340,44,0.67293598166119017
random_049,propylene/propane,219,781,282,499,1.8389848660539099,0.62993393603966552,869.30416058318167,100,1448.7233940440881,446,53,0.2924325184992469
random_050,ethylene/ethane,233,767,599,168,1.7204165109932243,0.75688361075680177,218.47285337547623,100,100.00000000000001,152,16,1.1143030754855887
random_050,propylene/propane,219,781,203,578,1.6910774897999901,0.64424029035624941,329.05300030914873,100,1014.558685674713,510,68,0.38493484646947834
random_051,ethylene/ethane,233,767,511,256,1.644322725939013,0.80587666297128302,3785.6835795675552,100,129.68505064621854,218,38,0.66436467307692626
random_051,propylene/propane,219,781,265,516,2.1744289272978721,0.65023719077536835,442.30801624733647,100,1223.1924124437801,451,65,0.17434556617073252
random_052,ethylene/ethane,233,767,496,271,1.7471277344741096,0.73564579757406356,175.02161535232892,100,100.00000000000001,240,31,0.05411670635056174
random_052,propylene/propane,219,781,276,505,2.0605681044844486,0.62318221797468287,828.99848617256328,100,1193.8428233461714,436,69,1.3583775559864755
random_053,ethylene/ethane,233,767,410,357,2.006946498143392,0.77378586987501052,712.05880186601325,100,649.84952897850008,316,41,0.62699068053350249
random_053,propylene/propane,219,781,189,592,1.8025552670125102,0.60964418035154699,796.06692475286559,100,1345.5403400979387,517,75,0.82277064887449547
random_054,ethylene/ethane,233,767,349,418,2.2898231339488171,0.81745737337241298,412.84393270930951,100,699.58954251885257,363,55,0.53591175502038912
random_054,propylene/propane,219,781,303,478,2.2160148710106329,0.84628376282167617,686.06694099523429,100,1264.2030464750726,421,57,0.11679857512985398
random_055,ethylene/ethane,233,767,396,371,1.9012240258693207,0.83376153023653909,1019.2980065385232,100,140.62202504989861,322,49,0.1488799245359691
random_055,propylene/propane,219,781,426,355,2.0455194276434403,0.6011131504502053,364.08663249762907,100,722.83374856800378,311,44,0.76985287841572503
random_056,ethylene/ethane,233,767,609,158,1.7282632773955,1,130.89539610312943,100,100.00000000000001,143,15,0.010606999851922257
random_056,propylene/propane,219,781,553,228,1.9206826123246639,0.76481650338538976,381.12344728231818,100,313.12640260791193,207,21,0.019375046314896106
random_057,ethylene/ethane,233,767,465,302,1.8569448615526523,0.80648651267223848,432.69172612333722,100,838.95964939905571,266,36,0.11448912042966304
random_057,propylene/propane,219,781,396,385,1.6974056286593473,0.54761036349503711,336.33363129976362,98.944611265959992,689.76112853991174,339,46,0.44069437997836625
random_058,ethylene/ethane,233,767,375,392,1.7326336075651387,0.74572868728953656,163.79384596721033,100,100.00000000000001,351,41,0.1233732194849302
random_058,propylene/propane,219,781,337,444,1.9344587522980439,0.78921138648243572,328.92629033623257,100,558.21521988502093,392,52,0.16323017965197753
random_059,ethylene/ethane,233,767,606,161,2.5867927010343896,0.83376153023653909,107.29021329543168,100,100.00000000000001,148,13,0.59476982415954804
random_059,propylene/propane,219,781,491,290,2.4649527767605974,0.681411949598415,682.05312816180663,100,696.73128486221503,261,29,2.9039770719868092
random_060,ethylene/ethane,233,767,560,207,2.0198282959180021,0.70300966944727139,128.37148431261377,100,100.00000000000001,181,26,0
random_060,propylene/propane,219,781,454,327,2.251008175522446,0.74737997734433836,190.50706275588107,100,295.35818466453969,295,32,0.5001934819663465
random_061,ethylene/ethane,233,767,631,136,1.941075282731145,0.85508708597659178,135.21946909037362,100,100.00000000000001,120,16,0
random_061,propylene/propane,219,781,494,287,2.2832531105165406,0.83892187171585408,420.75243454861982,100,384.63866363217551,254,33,0.75030063517935475
random_062,ethylene/ethane,233,767,495,272,2.106798545292758,0.82320379518815479,510.44318323446214,100,100.00000000000001,242,30,0.016661536251688102
random_062,propylene/propane,219,781,396,385,1.9749799648532163,0.72069963777709589,494.62127619728818,100,902.33743032728944,333,52,0.43341320195167099
random_063,ethylene/ethane,233,767,597,170,2.7633393353568256,0.65181456273614702,613.11217588763839,100,119.15822681278445,148,22,0.23001435527854427
random_063,propylene/propane,219,781,396,385,1.6432592841559552,0.58404452412909069,435.08224698943013,100,690.96629900648952,344,41,0.3370818682275461
random_064,ethylene/ethane,233,767,607,160,2.2320637914933146,0.83178180492641229,306.60544971843569,100,260.68282553384591,139,21,0.075063129515894916
random_064,propylene/propane,219,781,505,276,2.8639622780879619,0.81497477446389688,2328.9235949270405,100,1517.3137851694178,246,30,0.7717430071663075
random_065,ethylene/ethane,233,767,430,337,1.6455099844247094,0.75522948343213647,144.05077653024111,100,100.00000000000001,304,33,0.15882332004823091
random_065,propylene/propane,219,781,341,440,1.987067252298657,0.71984442254808689,212.3117230546288,100,302.00262874741759,388,52,0.74686505664468972
random_066,ethylene/ethane,233,767,472,295,1.6132956840621095,0.74110462537147004,317.21130433992511,100,100.00000000000001,254,41,0.19599695414644275
random_066,propylene/propane,219,781,397,384,2.3505750487848549,0.77709496290450186,462.35631357084856,100,222.00251784444632,337,47,0.62875743030952613
random_067,ethylene/ethane,233,767,614,153,2.1554085265574385,0.96703091658027562,120.68261474696082,100,100.00000000000001,137,16,0
random_067,propylene/propane,219,781,459,322,2.2151525245815806,0.77743108585820409,429.71200720471671,100,492.74218418042415,285,37,0.15344522049752315
random_068,ethylene/ethane,233,767,427,340,1.7673614281460379,0.65238755063088971,114.78687086076191,100,100.00000000000001,306,34,0.026235343203635082
random_068,propylene/propane,219,781,367,414,1.947000067082439,0.7898255702698852,125.63783927798352,100,210.46481611147297,377,37,1.0218673722646248
random_069,ethylene/ethane,233,767,519,248,1.9803228244171838,0.75688361075680177,2187.5032752838056,100,100.00000000000001,214,34,0.095010786398438865
random_069,propylene/propane,219,781,395,386,2.6080893153702012,0.85772275470881421,303.95211642053874,100,459.49150746546906,344,42,0.99820312996180238
random_070,ethylene/ethane,233,767,424,343,1.8804971135389827,0.74917493842325333,299.02748007940539,100,100.00000000000001,302,41,0.30378747754877061
random_070,propylene/propane,219,781,399,382,2.0254916526897775,0.71928439827471835,671.88384265572824,100,125.90414664559246,340,42,0.15493436877142802
random_071,ethylene/ethane,233,767,532,235,2.1170945305593181,0.98826119210757912,2416.0619491589759,100,100.00000000000001,213,22,0.057352759343111015
random_071,propylene/propane,219,781,545,236,2.7516816311902037,0.99687394954843089,226.61211871110962,100,1093.0664427362981,206,30,2.33748710809079
random_072,ethylene/ethane,233,767,408,359,2.1227453257586948,0.94484040192161345,372.53790649010529,100,458.55837603764252,319,40,0.24560640990183175
random_072,propylene/propane,219,781,166,615,1.8052619185434879,0.55489480780388112,624.46531539017644,100,1296.064065830858,545,70,0.51349571233310043
random_073,ethylene/ethane,233,767,385,382,1.9835780282749889,0.71784816152439834,147.71822965072252,100,100.00000000000001,337,45,0.32735491785353982
random_073,propylene/propane,219,781,200,581,1.7213334008319339,0.58648434491303536,745.03713558680147,100,1483.988473020097,509,72,0.4042771296755161
random_074,ethylene/ethane,233,767,629,138,2.2729500722773297,0.97598966471238779,102.31155933326893,100,100.00000000000001,132,6,0
random_074,propylene/propane,219,781,406,375,2.2696357799424369,0.78928899189641599,747.83866390079436,100,733.60897996574909,333,42,0.72985690129461389
random_075,ethylene/ethane,233,767,597,170,1.7565246829133865,0.66742071474121722,304.64452685428796,100,100,151,19,0.38272857506252872
random_075,propylene/propane,219,781,470,311,1.916390819113815,0.71682934048002989,248.21941666264226,100,273.31891573768348,279,32,0.36814733925240339
random_076,ethylene/ethane,233,767,544,223,1.5866619409221585,0.75853773808146718,108.63215199232776,100,100.00000000000001,192,31,0.046879958927337179
random_076,propylene/propane,219,781,242,539,2.1589111190694807,0.66129680481015185,834.6338307286527,100,1297.438461000359,470,69,0.5834585669831851
random_077,ethylene/ethane,233,767,396,371,1.7896649421120756,0.62623628182796065,222.53526977715154,100,172.82884527726742,327,44,0.24170922189939964
random_077,propylene/propane,219,781,141,640,1.3035516102206173,0.3566296985103331,249.88889632254856,74.095170609448445,790.57199563531674,563,77,0.34485267711331946
random_078,ethylene/ethane,233,767,559,208,1.9957934514742868,0.90664622067181422,271.22419352539242,100,182.3678015982702,184,24,0.21724584261062793
random_078,propylene/propane,219,781,187,594,1.5450417292517264,0.45932899816783079,197.24246174598755,90.274348277256365,606.09317008389144,524,70,0.40465486686728502
random_079,ethylene/ethane,233,767,374,393,1.861456841111055,0.80555713096906623,173.04408100159381,100,100.00000000000001,354,39,0.10241787009342576
random_079,propylene/propane,219,781,191,590,1.6503082819013413,0.56835844784751099,1045.4501421681405,100,1376.6603656966824,520,70,0.49233413315619329
random_080,ethylene/ethane,233,767,375,392,2.0787480659227322,0.75806844701213782,172.47251369900329,100,152.34953402535569,351,41,0.44259480648153959
random_080,propylene/propane,219,781,225,556,1.8261734012060926,0.61286029311441748,481.86536186696583,100,1583.7230046206473,490,66,0.52869124611585061
random_081,ethylene/ethane,233,767,554,213,2.0698723865850934,0.79938187565455077,134.67047103457847,100,100.00000000000001,192,21,0.066404707456127698
random_081,propylene/propane,219,781,339,442,2.2945562531233374,0.75168292248346924,454.62457499823506,100,725.22136711024609,396,46,0.48101230683894536
random_082,ethylene/ethane,233,767,403,364,2.4890269455889289,0.84307047220766806,4002.4103588669791,100,521.263022230665,322,42,0.1884691822996245
random_082,propylene/propane,219,781,286,495,2.0678625758043876,0.58366417013165695,431.82182051201039,100,1247.0815147274113,432,63,1.1642195562846931
random_083,ethylene/ethane,233,767,362,405,2.0173501133319496,0.69038056871413001,285.24638070598297,100,571.18529730976832,363,42,0.33150430360191718
random_083,propylene/propane,219,781,247,534,1.9349076448937119,0.58529035027154797,449.0536800677009,100,1334.9498141930774,464,70,0.78018842424308188
random_084,ethylene/ethane,233,767,456,311,1.8619775430419949,0.78576811673775848,170.20394895442038,100,100.00000000000001,269,42,0.072209270055342584
random_084,propylene/propane,219,781,391,390,2.0026524927832892,0.72185372988191532,250.89230210557619,100,580.08852143792865,348,42,0.29159878579799531
random_085,ethylene/ethane,233,767,426,341,1.8272089575939277,0.79938187565455077,279.48749472045182,100,100.00000000000001,302,39,0.10768878180853683
random_085,propylene/propane,219,781,262,519,2.0668926886853654,0.5916468485038423,485.93432747686586,100,1461.9869811251474,458,61,0.1969685513941207
random_086,ethylene/ethane,233,767,447,320,2.025978288774263,0.8308915533752218,99.535305010182469,100,100.00000000000001,286,34,0.89203174389833306
random_086,propylene/propane,219,781,412,369,2.6617982924029016,0.78402720794981406,344.08459259060822,100,512.78194645367421,327,42,1.5013360693221873
random_087,ethylene/ethane,233,767,413,354,1.9881753355009646,0.83886889801145326,189.15426059856443,100,268.74697322459667,316,38,0.28327098044154719
random_087,propylene/propane,219,781,276,505,2.0453260808503089,0.59413362770304157,381.96271437169787,100,1222.8115593819102,447,58,0.33136196194628809
random_088,ethylene/ethane,233,767,667,100,1.9814366224764874,0.81035174465409832,156.3448705014606,100,100.00000000000001,86,14,0.017949539776378132
random_088,propylene/propane,219,781,478,303,1.8873430343993363,0.78402720794981406,333.07680382643485,100,646.67239214829942,269,34,0.49292296546871883
random_089,ethylene/ethane,233,767,335,432,2.1267987684260707,0.73946603518764209,3892.4737310585201,100,111.73075364121672,386,46,0.073639987456692438
random_089,propylene/propane,219,781,289,492,1.7922115049115657,0.70615440100519322,222.93918666446254,100,668.08543470243228,434,58,0.32724363336186307
random_090,ethylene/ethane,233,767,418,349,1.9406593690515608,0.79907715035052296,3530.1755027361969,100,100.00000000000001,309,40,0.95902815956244802
random_090,propylene/propane,219,781,359,422,2.0084150203272437,0.68812247957249939,228.16928615731265,100,831.64850840605584,369,53,0.46344290419074635
random_091,ethylene/ethane,233,767,619,148,1.9677377990024176,0.81035174465409832,361.41738014837506,100,100.00000000000001,131,17,0.16217960779022925
random_091,propylene/propane,219,781,493,288,1.5835096368486017,0.59297075513549025,132.20410401208326,100,100.00000000000001,261,27,0.19651305245858899
random_092,ethylene/ethane,233,767,603,164,1.8106910966655894,0.6928924682475166,112.83586089681442,100,100.00000000000001,144,20,0.28943727343594511
random_092,propylene/propane,219,781,492,289,1.6881206718845154,0.70597741545640225,222.91430682320328,100,267.61785521060085,250,39,0.070945137230645855
random_093,ethylene/ethane,233,767,599,168,2.1612134391358655,0.85019630831504633,1705.8798121203156,100,100.00000000000001,144,24,0.10099931197660551
random_093,propylene/propane,219,781,461,320,2.3342620804516141,0.82935011517619173,565.93556595834912,100,532.67781699379884,288,32,0.48203053795888323
random_094,ethylene/ethane,233,767,319,448,1.7594068615676441,0.74513978189736174,228.40947678813185,100,658.51935793174471,391,57,0.61519749462589846
random_094,propylene/propane,219,781,144,637,1.6898928012365362,0.51482313817985959,347.80242445380111,100,899.3532076324642,563,74,0.65570336033426813
random_095,ethylene/ethane,233,767,503,264,1.4621014491378284,0.80176268647713456,126.16083968297258,100,100.00000000000001,233,31,0.1965709394394306
random_095,propylene/propane,219,781,394,387,2.197917147191232,0.74708491704902147,413.40268748163999,100,419.42184783403127,351,36,0.96007402143723608
random_096,ethylene/ethane,233,767,398,369,2.1805647682937646,0.7234704944264313,2704.5552472442387,100,734.13844901421442,328,41,0.050170167887680833
random_096,propylene/propane,219,781,181,600,1.7752473738878325,0.50127403722429809,566.07951250389272,99.999999999999986,1179.9762339984559,524,76,0.39394817897796264
random_097,ethylene/ethane,233,767,621,146,1.4248808730910332,0.77089397046336128,152.66059636594483,100,100.00000000000001,124,22,0.32166419724892692
random_097,propylene/propane,219,781,499,282,2.0474016106574964,0.71051567615543942,3267.7745200054878,100,214.78128889148817,245,37,0.13591573426750364
random_098,ethylene/ethane,233,767,443,324,1.8535492949599419,0.81484751975723912,131.46534509260391,100,100.00000000000001,291,33,0.027511769970659967
random_098,propylene/propane,219,781,420,361,1.8802098517149102,0.72196800369442371,569.13162851897562,100,176.97997276750496,322,39,0.53238269251366144
random_099,ethylene/ethane,233,767,643,124,1.4626804383184093,0.65887835865223587,145.89370071734163,100,100.00000000000001,107,17,0
random_099,propylene/propane,219,781,490,291,2.3266108020218108,0.7007396385021214,292.28007263383967,100,169.59265910920931,246,45,0.34496035822409599
random_100,ethylene/ethane,233,767,600,167,1.9862837895312817,0.84599243775490973,172.12143490272146,100,112.91452432256858,149,18,0.11577187807555472
random_100,propylene/propane,219,781,392,389,2.4528622029153344,0.71469996575689454,1267.2666886754414,100,1019.4512043445797,346,43,0.30718704742326319
random_101,ethylene/ethane,233,767,636,131,2.0339412930752974,0.60894573967419763,314.4725914129582,100,1680.3667326661139,109,22,0.56124897799711659
random_101,propylene/propane,219,781,285,496,2.125548567926165,0.80753375553815632,456.28669097767516,100,628.23124126490234,439,57,0.62251343043995389
random_102,ethylene/ethane,233,767,395,372,2.2227876826480126,0.81544030308460536,147.25058775387549,100,100.00000000000001,332,40,0.83990803948112569
random_102,propylene/propane,219,781,327,454,2.3442670966384389,0.85356695918022352,1138.6929319501767,100,885.89377108982501,403,51,1.2417061339194293
random_103,ethylene/ethane,233,767,408,359,2.2770896161157141,0.83758928936248023,311.06556262195636,100,229.27560690437775,320,39,0.44361583738364846
random_103,propylene/propane,219,781,156,625,1.4154405596020507,0.47225729543756678,230.97775475662527,90.271476860299302,830.58778870040737,551,74,0.35117597954782331
random_104,ethylene/ethane,233,767,539,228,1.8435478507771681,0.67330866996348626,127.46450080118859,100,100.00000000000001,204,24,0.0020717977685067459
random_104,propylene/propane,219,781,341,440,2.4106720289877086,0.75630286168472094,1760.1594738414499,100,835.7750370335275,392,48,0.18561773435577222
random_105,ethylene/ethane,233,767,499,268,1.918265744360615,0.73103784320744136,7791.7056277479423,100,100.00000000000001,235,33,0.025468128460268212
random_105,propylene/propane,219,781,398,383,2.3896025056605965,0.91712416525924445,390.79020193503476,100,862.19712827029343,337,46,0.38943210491538699
random_106,ethylene/ethane,233,767,613,154,2.1868103453767271,0.71932773351066748,877.24200307976423,100,983.36397114696308,138,16,0.13476830399770717
random_106,propylene/propane,219,781,392,389,1.6161641596826886,0.54761036349503711,317.84619563771508,96.299662514421016,978.07903532115893,337,52,0.21109212187350621
random_107,ethylene/ethane,233,767,480,287,2.0714657918708643,0.83376153023653909,178.67634416625444,100,100.00000000000001,251,36,0.0060352593795057969
random_107,propylene/propane,219,781,411,370,1.8183900149219296,0.75615533153706238,208.00592563001476,100,194.31332766392393,326,44,0.80701087311634856
random_108,ethylene/ethane,233,767,640,127,1.7767199970739231,0.90931186558810784,166.72858755077743,100,100,114,13,0.15900831087915668
random_108,propylene/propane,219,781,509,272,1.8268596141848288,0.7337182292203831,142.19781417508673,100,204.01122767792853,249,23,0.099499035893317586
random_109,ethylene/ethane,233,767,610,157,2.2015666544629777,0.68277526704776192,139.50769027925153,100,100.00000000000001,134,23,0.10399898627156985
random_109,propylene/propane,219,781,465,316,2.4593846783430435,0.7865804945091347,327.21445537020077,100,582.76164810654438,275,41,1.032580607517551
random_110,ethylene/ethane,233,767,463,304,1.7471623991669536,0.81128112635727057,98.706843135744862,100,100.00000000000001,266,38,0.33393541506556146
random_110,propylene/propane,219,781,399,382,2.4668891479437804,0.8212912487267694,319.89203505629825,100,611.89847061583998,336,46,0.37576599559575963
random_111,ethylene/ethane,233,767,602,165,2.403840491613642,0.77483842305419814,234.4597894130643,100,508.49389436126592,147,18,0.81664942460720957
random_111,propylene/propane,219,781,185,596,1.9314655288796831,0.52172065312514748,880.45706720791111,93.369778601787559,1492.2173969053717,523,73,0.42460130059307322
random_112,ethylene/ethane,233,767,324,443,1.7244628438762493,0.74917493842325333,408.3142408460036,100,560.50691498572849,387,56,0.41048592114943733
random_112,propylene/propane,219,781,199,582,2.1038651756433446,0.69702769710143309,1926.1990675059421,100,1170.7664883717957,511,71,0.38508482754968804
random_113,ethylene/ethane,233,767,447,320,1.9041754820511634,0.70150157336188523,361.93929309680084,100,385.03009522656453,280,40,0.25784725896959459
random_113,propylene/propane,219,781,119,662,1.4486701649871134,0.44769640337883976,356.25527916528245,94.954629337757183,961.44364512128561,581,81,0.18064326829840488
random_114,ethylene/ethane,233,767,430,337,1.930187472892986,0.79111584744912111,421.73698615581753,100,799.63840362781627,290,47,0.84243979243981804
random_114,propylene/propane,219,781,261,520,1.6618383939576107,0.68191125731786206,676.05478456624724,100,1227.5390863777702,453,67,0.24639427634543648
random_115,ethylene/ethane,233,767,595,172,1.6372406660277845,0.86161602483098698,127.95087565620753,100,132.74603257563612,153,19,0.42464826532275657
random_115,propylene/propane,219,781,554,227,2.0022836458825179,0.76702837703543614,2476.60039128982,100,1184.1396350735827,192,35,0.73320730690450553
random_116,ethylene/ethane,233,767,462,305,1.8419109300345098,0.7503527492076032,123.42102322458204,100,100.00000000000001,267,38,0.53444045157083708
random_116,propylene/propane,219,781,329,452,2.3086520452920207,0.83240926615756528,260.06340034537703,100,804.5876992281502,401,51,1.4342767294542049
random_117,ethylene/ethane,233,767,542,225,1.3322807295734371,0.7503527492076032,581.95964175056872,100,100.00000000000001,188,37,0.5008571097566854
random_117,propylene/propane,219,781,284,497,2.2546627270492374,0.70933620181450385,295.30503215956657,100,855.93157075008401,432,65,0.31264856632677152
random_118,ethylene/ethane,233,767,623,144,2.2157557416456335,0.66077197219658435,147.7615006923217,100,106.43998023351767,130,14,0.22865842048478985
random_118,propylene/propane,219,781,382,399,1.9429674402605472,0.7925546132194069,518.40574394028658,100,351.79757473229444,363,36,1.3252327782454301
random_119,ethylene/ethane,233,767,386,381,2.0613941611755848,0.75236764166179293,747.85379305196329,100,106.30828870532198,338,43,0.23273111675686672
random_119,propylene/propane,219,781,218,563,1.746745938485524,0.57865929791207704,439.14346973891645,100,1082.0824650495815,493,70,0.4233079858128751
random_120,ethylene/ethane,233,767,568,199,1.9362777997927487,0.76634400139690295,162.51302058538064,100,100.00000000000001,179,20,1.6801102961556302
random_120,propylene/propane,219,781,379,402,2.3532661613265162,0.79451026502914757,301.34260900296402,100,845.58473982879434,359,43,0.59557681365079129
random_121,ethylene/ethane,233,767,402,365,1.8102673297000396,0.66516643691185562,281.25259027234841,100,100.6992693721393,320,45,0.43671464004725508
random_121,propylene/propane,219,781,245,536,1.8972609211552451,0.63184891986601877,384.31233183738965,100,1328.5059844619821,465,71,0.67588905189166815
random_122,ethylene/ethane,233,767,672,95,2.5641732670203412,0.83280404145037634,204.91201271746942,100,706.2676979352625,89,6,0.22739624819802076
random_122,propylene/propane,219,781,199,582,1.637662047554032,0.4905914511560277,447.38327853450642,92.610139608704557,1498.7544901111312,506,76,0.39014260591185651
random_123,ethylene/ethane,233,767,648,119,2.3585482880401076,0.94695133615240301,431.48130387614725,100,100.00000000000001,108,11,0
random_123,propylene/propane,219,781,482,299,2.0544034022174786,0.79646591683888812,237.5093670776964,100,239.65553195180379,261,38,0.3661976028205966
random_124,ethylene/ethane,233,767,636,131,2.2573343979175791,0.94930692428453778,294.4338496855828,100,722.94147927150868,110,21,0.012917319678762806
random_124,propylene/propane,219,781,404,377,2.7064977845192622,0.81336289274117468,506.03646119549745,100,1067.5565231484852,339,38,0.41621436343034435
random_125,ethylene/ethane,233,767,491,276,1.9314505140765179,0.74560501362209952,102.79207531346437,100,100.00000000000001,235,41,0.5014499601972503
random_125,propylene/propane,219,781,255,526,1.5540494285377542,0.5775373651754222,641.80242449049115,100,1246.9432331557684,468,58,0.47665112886882571
random_126,ethylene/ethane,233,767,351,416,1.9736248492299082,0.65181456273614702,6528.9152340683195,100,115.14621797810794,355,61,0.24936418340794472
random_126,propylene/propane,219,781,267,514,2.1803620043760361,0.69308277863330303,612.67851129945973,100,763.27496902977941,447,67,0.84776138295565062
random_127,ethylene/ethane,233,767,660,107,2.0561301608781388,0.83376153023653909,148.94385987355068,100,266.2312709862627,93,14,0.34704160989299149
random_127,propylene/propane,219,781,327,454,1.9029254123897159,0.77906672415500411,533.71038465592585,100,435.75604054771395,399,55,0.40509120706478374
random_128,ethylene/ethane,233,767,664,103,1.9535537696597034,0.81514635833913041,177.46094585498091,100,100.00000000000001,92,11,0.81188924531569906
random_128,propylene/propane,219,781,510,271,2.5413482024602407,0.72768227390050044,248.48311084705051,100,577.64718289593554,241,30,0.42574223795546701
random_129,ethylene/ethane,233,767,542,225,2.0345038455118947,0.66852161786805875,549.85073395409177,100,294.21896926960181,198,27,0.086470513345139471
random_129,propylene/propane,219,781,508,273,2.1700854448089366,0.68729165503349154,175.31024707101906,100,581.10099145132733,245,28,0.5638355999845529
random_130,ethylene/ethane,233,767,468,299,1.8454780317649244,0.75586951587558704,118.13985813199237,100,100.00000000000001,267,32,0.001404062430462363
random_130,propylene/propane,219,781,351,430,2.1468431263460488,0.76630952192264035,314.70427165033061,100,1003.1958107331327,378,52,1.149622217464829
random_131,ethylene/ethane,233,767,593,174,2.42472612780454,0.92166392316215395,182.45751684571226,100,100.00000000000001,157,17,2.4453824416856262
random_131,propylene/propane,219,781,269,512,1.6885908632691717,0.55878378780878357,468.0249480715151,100,814.49573655458858,444,68,0.48626214529199374
random_132,ethylene/ethane,233,767,537,230,1.826794772178721,0.66684402738995718,359.91538217967798,100,101.32562593710277,200,30,0.014262598536590225
random_132,propylene/propane,219,781,398,383,2.0022684854875168,0.81505006224087373,1326.6540678453414,100,577.69633465115658,344,39,0.11384189385344314
random_133,ethylene/ethane,233,767,491,276,1.8454265247103354,0.90815311659925335,100.81706986779989,100,100.00000000000001,245,31,0.31547846475257002
random_133,propylene/propane,219,781,413,368,1.9623595821363014,0.80295875298029085,440.91516933208635,100,1247.1774376946769,325,43,0.48191018929839824
random_134,ethylene/ethane,233,767,343,424,2.3341977167424406,0.92449428778548048,272.13793967324358,100,717.92018690918826,378,46,0.46912533578719595
random_134,propylene/propane,219,781,172,609,1.5277671759899769,0.52237253186961896,375.10537122710718,99.999999999999986,1068.1790462363399,533,76,0.48708866509597964
random_135,ethylene/ethane,233,767,424,343,1.8400800159360067,0.84923045879837811,168.70230604959153,100,102.01851966106669,297,46,0.59439280059294464
random_135,propylene/propane,219,781,135,646,1.5650207526961153,0.55711892492449111,315.19886460328837,99.999999999999986,1040.9128953134027,567,79,0.61148348359354232
random_136,ethylene/ethane,233,767,460,307,1.9436118107292277,0.83376153023653909,1080.2786141780691,100,100.00000000000001,282,25,0.060378374589619171
random_136,propylene/propane,219,781,345,436,2.2481286650835517,0.72471086498495363,236.63409650206734,100,873.39246141313504,379,57,0.27651276099355027
random_137,ethylene/ethane,233,767,582,185,1.8102587375827124,0.85905031546370014,122.88323133570462,100,100.00000000000001,163,22,1.9084857511018221
random_137,propylene/propane,219,781,346,435,2.2052433582588407,0.61774546390500173,1047.5055301158643,100,2198.6582319965496,383,52,0.84255548750865639
random_138,ethylene/ethane,233,767,534,233,2.2221055759297315,0.95696271657964438,296.0537054324335,100,100.00000000000001,208,25,0.27665257763633394
random_138,propylene/propane,219,781,478,303,2.2285698557379048,0.65845728240978985,315.0543442773627,100,683.37565715901371,273,30,0.49530784925519805
random_139,ethylene/ethane,233,767,391,376,1.8413188332755619,0.74006636633621992,321.37179075258109,100,445.21106341846627,323,53,0.33116009163676957
random_139,propylene/propane,219,781,198,583,1.95902423902816,0.58450384637284269,401.77704693404593,100,1165.4369033698961,514,69,0.88150771633321123
random_140,ethylene/ethane,233,767,421,346,1.773517646453709,0.80567183239437934,150.97004197370495,100,100.00000000000001,302,44,0.43754072480463718
random_140,propylene/propane,219,781,236,545,2.0360931580603734,0.68933022139350253,328.08449168553727,100,1093.8673699712976,479,66,0.76161046191786563
random_141,ethylene/ethane,233,767,619,148,2.1047761013549704,0.94480687970332444,251.78110666445369,100,100.00000000000001,135,13,0
random_141,propylene/propane,219,781,464,317,1.8948629633766763,0.68893857960765781,254.06549494852786,100,504.17482288868973,279,38,0.1194561451571593
random_142,ethylene/ethane,233,767,610,157,1.8347722235352237,0.77378586987501052,149.2882441625778,100,100.00000000000001,138,19,0.34715260573302836
random_142,propylene/propane,219,781,456,325,2.2074991702058337,0.70326300117685026,266.62343600053276,100,854.93966524085249,286,39,1.2849958639861958
random_143,ethylene/ethane,233,767,624,143,1.581571558638305,0.60645195237672589,151.41566660100079,100,100.00000000000001,123,20,0.50123872830300287
random_143,propylene/propane,219,781,419,362,1.947500875117077,0.69952868434410953,407.30042954971782,100,119.22471108890166,319,43,0.1408504210500568
random_144,ethylene/ethane,233,767,650,117,1.6149736711644116,0.69038056871413001,379.71974499627186,100,100.00000000000001,98,19,0.0042662504795433617
random_144,propylene/propane,219,781,501,280,1.8742757078611687,0.69878748718761252,160.93742451399163,100,407.47065171570006,242,38,0.098521852416787639
random_145,ethylene/ethane,233,767,319,448,1.6534627235138459,0.72674427634103833,161.7447775846901,100,100.00000000000001,396,52,0.29659963255938465
random_145,propylene/propane,219,781,360,421,2.2223579758279368,0.79947032984647781,269.19207499210717,100,385.97562915995445,371,50,0.27869852174438536
random_146,ethylene/ethane,233,767,461,306,1.6856255307484775,0.70523802729752294,149.01343157882815,100,168.61088261684611,273,33,0.56565432993205023
random_146,propylene/propane,219,781,185,596,1.9913725136086797,0.57806361687386498,372.43986724631532,100,1088.0030256129673,518,78,0.47243523005972693
random_147,ethylene/ethane,233,767,371,396,1.6181665032926269,0.64444568350292597,163.17160168822375,100,128.88962129597962,343,53,0.70479756552561457
random_147,propylene/propane,219,781,141,640,1.6162456986879199,0.49944691498327742,329.35118173927282,95.889577775690569,992.33620840452761,565,75,0.49713762175207665
random_148,ethylene/ethane,233,767,444,323,2.1007680900782151,0.92646530527529058,277.89621309454617,100,489.42492352093223,287,36,0.72703553082501682
random_148,propylene/propane,219,781,413,368,1.7959027253271653,0.57422685668072793,225.13559393639372,95.938368921903674,657.00897458408576,331,37,0.17049935716060025
random_149,ethylene/ethane,233,767,639,128,1.5508023573555725,0.75210200985848874,107.4387048809176,100,100.00000000000001,117,11,0
random_149,propylene/propane,219,781,474,307,1.767428133176439,0.72173945606940693,174.70817626991837,100,119.04576623436155,275,32,0.14200220810159897
random_150,ethylene/ethane,233,767,704,63,3.0952886531933568,0.77753652571080756,4313.1228514238319,100,6119.8424944521448,57,6,1.0539571751377048
random_150,propylene/propane,219,781,322,459,2.2126950171983104,0.85485401268968186,419.09340439063834,100,1084.3870486620451,397,62,0.48749488488376613
random_151,ethylene/ethane,233,767,556,211,1.7740803702435792,0.63184183223389689,282.17439520569644,100,100.00000000000001,182,29,0.16606301795048403
random_151,propylene/propane,219,781,288,493,2.4424724799556889,0.81672194034234058,490.04855809041999,100,616.16229184699205,429,64,0.56155030745647982
random_152,ethylene/ethane,233,767,481,286,1.8471177454821412,0.77006493563595679,1305.7889281661937,100,586.16844514073387,248,38,0.12132207690684105
random_152,propylene/propane,219,781,414,367,1.5038318210731378,0.48109414939888479,1338.467533892652,96.952459481921977,990.14782247069991,321,46,0.87091326409374903
random_153,ethylene/ethane,233,767,546,221,1.8238355978812353,0.81514635833913041,215.96735031229946,100,100.00000000000001,195,26,0.0097289664039165082
random_153,propylene/propane,219,781,417,364,2.214409290814455,0.8141171366737866,318.27402843291912,100,796.90151586594027,314,50,0.46336719980847296
random_154,ethylene/ethane,233,767,470,297,1.8750038081512557,0.71222582862236539,113.98979506683699,100,100.00000000000001,266,31,0.039915954074020342
random_154,propylene/propane,219,781,303,478,1.882345749900922,0.58171935243979611,634.75639435943049,100,1660.6239518461284,421,57,0.52974222352481959
random_155,ethylene/ethane,233,767,393,374,2.0454558694532876,0.77059121222555049,246.69839584873853,100,307.98245407608215,338,36,0.57262679556911089
random_155,propylene/propane,219,781,307,474,1.6411731788971216,0.49257327066318274,384.9693771614576,100,739.95538782567326,422,52,0.56082676098272644
random_156,ethylene/ethane,233,767,652,115,1.8130667837387755,0.80555713096906623,114.55615820180823,100,100.00000000000001,102,13,0.047391899033592678
random_156,propylene/propane,219,781,506,275,1.8837235011887543,0.78678531330578227,943.15771631592349,100,1890.9752133374682,246,29,0.58258675359099144
random_157,ethylene/ethane,233,767,611,156,1.5893698611153373,0.92980321650472741,162.32793708982777,100,100.00000000000001,136,20,0.025136747698871746
random_157,propylene/propane,219,781,450,331,2.1411052916095517,0.69831773018609777,198.18514363882875,100,197.23352195149846,300,31,0.34559251967094229
random_158,ethylene/ethane,233,767,558,209,1.8288761734040657,0.81514635833913041,132.17775989447389,100,100.00000000000001,186,23,0.040537200244695662
random_158,propylene/propane,219,781,437,344,1.9150717524496796,0.78415321449056408,1410.3216326299898,100,285.45434401973091,312,32,0.46533632143039594
random_159,ethylene/ethane,233,767,580,187,2.1100624518480986,0.79907715035052296,336.61818161944268,100,114.12659160544061,160,27,0.37953243406233217
random_159,propylene/propane,219,781,472,309,2.1618027615750255,0.7063313865539842,193.60408669187305,100,562.30824791651048,273,36,0.3025886346424736
random_160,ethylene/ethane,233,767,391,376,1.9773071920772849,0.80246950331180855,9720.8851821218486,100,486.45044021547784,322,54,0.25066158970796515
random_160,propylene/propane,219,781,224,557,1.7904454968380852,0.62684232344337554,591.34732593602916,100,1287.2004915203493,493,64,0.2319651189929946
random_161,ethylene/ethane,233,767,480,287,1.6325594906871252,0.62714957630147672,155.84947904354166,100,100.00000000000001,250,37,0.04980178150929946
random_161,propylene/propane,219,781,308,473,2.0061218193235875,0.72335899525447123,1112.5781419411496,100,449.10753358097628,414,59,0.25624445816344948
random_162,ethylene/ethane,233,767,602,165,1.7559031171409549,0.93967670998285313,197.28411138096396,100,100.00000000000001,144,21,0.013449132186611531
random_162,propylene/propane,219,781,463,318,2.2640433265770517,0.72482513879746202,1128.8537184682509,100,341.30451659332618,286,32,1.3547019545053349
random_163,ethylene/ethane,233,767,364,403,1.7776950604470239,0.63985764638444842,805.52696604796472,100,529.85958401749087,359,44,0.17305683254347026
random_163,propylene/propane,219,781,171,610,1.6723896296489251,0.49961119944026744,480.14375746036512,100,1241.8869532823442,531,79,0.35624109032912904
random_164,ethylene/ethane,233,767,401,366,1.8673149124632835,0.80984120440682328,4555.1155615405532,100,188.48487417859585,331,35,0.80970431881418969
random_164,propylene/propane,219,781,156,625,1.6816234922711411,0.54776116566670918,429.5530540715713,100,869.74244565481922,545,80,0.42587412739422659
random_165,ethylene/ethane,233,767,422,345,2.0136151836114298,0.79938187565455077,199.22431843135183,100,272.41676909735804,310,35,0.23756131562228258
random_165,propylene/propane,219,781,313,468,1.9823445182223807,0.72121954692325141,196.0637596191618,100,529.82652127355834,416,52,0.59376617578603164
random_166,ethylene/ethane,233,767,475,292,1.7263685792777126,0.70613999647572823,165.03396567693005,100,100.00000000000001,256,36,0.20498050329657258
random_166,propylene/propane,219,781,352,429,2.0497106353327563,0.64888224899506686,380.3585592327795,100,1068.8589721653539,370,59,0.22516617941521169
random_167,ethylene/ethane,233,767,611,156,2.1261948725416087,0.98618623549998163,537.16765914955954,100,400.17109484735914,141,15,0.11442185631597995
random_167,propylene/propane,219,781,358,423,2.1509769718712883,0.70653823200440191,1145.2959995649389,100,1562.0672784289268,369,54,0.32803187830184621
random_168,ethylene/ethane,233,767,446,321,1.8499569920993364,0.74110462537147004,182.61945345613142,100,100.00000000000001,289,32,0.21816046992875571
random_168,propylene/propane,219,781,247,534,1.9516398021226273,0.62242020087352246,800.0881171219836,100,2872.2695578000003,470,64,0.68783747201557
random_169,ethylene/ethane,233,767,623,144,2.2045776527819476,0.85554829371300833,131.30705338183924,100,100.00000000000001,133,11,0.059390692363448912
random_169,propylene/propane,219,781,571,210,2.7169267131591321,0.88230549214016607,433.98812200986941,100,791.774954955677,191,19,0.99406823506702613
random_170,ethylene/ethane,233,767,563,204,2.6061790325550538,0.82253479405271634,288.32427111809812,100,962.00374798829489,184,20,0.03309089166530331
random_170,propylene/propane,219,781,382,399,1.9019550129439267,0.57646986934283739,722.74314404972324,96.20784730053299,1495.0208163296475,361,38,0.53475594007985716
random_171,ethylene/ethane,233,767,435,332,2.1904993112621409,0.83328278584345772,476.15785619293973,100,1449.9483979593231,291,41,0.54248654876582969
random_171,propylene/propane,219,781,370,411,1.80692576096746,0.5091979057114091,454.90101974523844,96.145884747873012,667.7323005633757,367,44,0.12682738254872172
random_172,ethylene/ethane,233,767,437,330,2.0509613369431046,0.83218800985209673,196.96741579493494,100,469.45283190370003,291,39,0.2336375840128519
random_172,propylene/propane,219,781,196,585,1.8751244878418662,0.58614523294158338,524.84559119560322,100,1519.7850134548539,515,70,0.83827965797613324
random_173,ethylene/ethane,233,767,455,312,1.6927661959195068,0.52865128872225331,113.62746932412796,100,100.00000000000001,264,48,0.44202136689066274
random_173,propylene/propane,219,781,368,413,2.0241382274643569,0.78958865870215256,188.14457808211114,100,681.2229281410107,367,46,0.10393226700965646
random_174,ethylene/ethane,233,767,548,219,1.4727416253094541,0.79111584744912111,117.84669136420693,100,100.00000000000001,188,31,0.52573341306574395
random_174,propylene/propane,219,781,365,416,1.8078649912466807,0.7179967860354548,215.72248110036492,100,208.091836547127,366,50,0.7553857748559446
random_175,ethylene/ethane,233,767,386,381,1.7661089463924997,0.81226651443823572,242.60393952694915,100,100.00000000000001,346,35,0.10907614294398559
random_175,propylene/propane,219,781,346,435,1.866641240619981,0.57865929791207704,328.90486069968915,100,755.86269374898086,385,50,0.28083150207258784
random_176,ethylene/ethane,233,767,499,268,2.226879365863915,0.72643672570775419,213.90453174441254,100,100.00000000000001,244,24,0.21092126932114882
random_176,propylene/propane,219,781,289,492,2.0539976550869379,0.78959813145303659,479.12376219289604,100,1044.4882192113835,430,62,0.52489847604111717
random_177,ethylene/ethane,233,767,377,390,2.0761285581871189,0.81370643638868301,260.64970584859742,100,276.07272696221395,341,49,0.45858802137294108
random_177,propylene/propane,219,781,225,556,2.0134859835855536,0.72357893973411769,1309.7203191020444,100,1414.7237242479373,491,65,0.68507764811913197
random_178,ethylene/ethane,233,767,412,355,1.9261775845794564,0.69038056871413001,174.7568875378239,100,100.00000000000001,306,49,1.3487615244023139
random_178,propylene/propane,219,781,206,575,1.7017662101278168,0.51776126361504815,690.96219379801573,100,1386.3954526318212,500,75,0.24620839447673565
random_179,ethylene/ethane,233,767,624,143,1.6858209269174464,0.90931186558810784,108.93596679927941,100,100.00000000000001,132,11,0.013859651091058025
random_179,propylene/propane,219,781,505,276,1.9527574232187728,0.79774361176359099,716.55582698740454,100,814.44832939129549,241,35,0.23850618242286495
random_180,ethylene/ethane,233,767,487,280,1.9920804285400959,0.74513978189736174,1307.836871821788,100,109.81028449296528,243,37,0.10598250631917633
random_180,propylene/propane,219,781,329,452,2.2150487133853911,0.74639095971019032,434.55423057230394,100,320.90047354868335,402,50,0.17644649647139951
random_181,ethylene/ethane,233,767,382,385,1.6959457171714687,0.79111584744912111,179.12865652405534,100,178.49648800730446,341,44,0.21922699812414354
random_181,propylene/propane,219,781,184,597,1.4646137288746792,0.5384742524011451,456.26404033370869,100,1220.5496645437868,523,74,0.5075657958483758
random_182,ethylene/ethane,233,767,444,323,1.8357075023560969,0.67809572205891377,230.23724921203444,100,291.61971049118432,282,41,0.48348580784810941
random_182,propylene/propane,219,781,406,375,1.7817774149702079,0.51028774926119691,180.22898830818559,90.780070406877243,559.48452425333778,327,48,0.44537407670889312
random_183,ethylene/ethane,233,767,659,108,1.4584072525134715,0.6125369588919195,174.14209691429065,100,128.21099673627435,89,19,0.22813899579337621
random_183,propylene/propane,219,781,518,263,2.5577069878504988,0.70597741545640225,310.87702284031536,100,772.87231624203548,238,25,0.45525143189329448
random_184,ethylene/ethane,233,767,271,496,1.9898765962829772,0.66941894552282122,336.26797156967228,100,780.29197254214853,432,64,0.34936618408816333
random_184,propylene/propane,219,781,95,686,1.5562364604796564,0.52963357293160629,337.69234520771101,100,732.13425404610632,607,79,0.6947432693970812
random_185,ethylene/ethane,233,767,616,151,1.8396417898787496,0.83376153023653909,107.06086944578928,100,100,128,23,0.0047091775476244355
random_185,propylene/propane,219,781,445,336,2.2979980947608158,0.78483926792916359,390.49050477862585,100,743.14143403505432,301,35,0.54971204853456224
random_186,ethylene/ethane,233,767,614,153,1.7208410836315879,0.60645195237672589,122.18617633557611,100,100.00000000000001,128,25,0.0028894292794695987
random_186,propylene/propane,219,781,450,331,2.4589240121762921,0.92311866342707272,500.9908110598771,100,955.14267060299198,291,40,0.66110087023586117
random_187,ethylene/ethane,233,767,466,301,1.783799762915147,0.68257570849866889,348.06934056335103,100,100.00000000000001,255,46,0.53313248999415175
random_187,propylene/propane,219,781,422,359,2.2602737799065804,0.78402720794981406,467.4026830046306,100,100.00000000000001,323,36,1.8636040744270197
random_188,ethylene/ethane,233,767,486,281,2.2592604927987252,0.86418173419827393,311.649649271844,100,271.93240383505093,251,30,0.88868528550481318
random_188,propylene/propane,219,781,372,409,2.1842013204482194,0.62010880789159462,340.06647787044204,100,891.62008038193028,360,49,0.84154277115808418
random_189,ethylene/ethane,233,767,369,398,1.8644806330677726,0.75775946991007814,206.31155025477523,100,231.52550357437576,353,45,0.78763981177092213
random_189,propylene/propane,219,781,202,579,1.7525893163823598,0.64670524041168498,409.32626558845453,100,1374.3600514068962,507,72,0.68866094467482064
random_190,ethylene/ethane,233,767,590,177,1.9714793193849898,0.77378586987501052,241.29363665421184,100,100.00000000000001,151,26,0.18775026460610653
random_190,propylene/propane,219,781,328,453,2.1960431769989701,0.77047663721684434,356.54774102549243,100,786.18719767435505,401,52,0.39765194882995808
random_191,ethylene/ethane,233,767,450,317,1.8048517649719431,0.62714957630147672,455.55350344929468,100,100.00000000000001,281,36,0.090106732360256417
random_191,propylene/propane,219,781,388,393,2.4206746056401598,0.84426408253670593,279.40987421419362,100,776.28114976569441,353,40,0.78243852843804773
random_192,ethylene/ethane,233,767,515,252,1.8457250389113131,0.81628744170768641,467.9813375564255,100,100.00000000000001,230,22,0
random_192,propylene/propane,219,781,446,335,2.2081287863423475,0.83696323846740972,388.35808998714981,100,608.73293567198277,292,43,0.10593517736557725
random_193,ethylene/ethane,233,767,446,321,1.6884571486104585,0.75522948343213647,121.21389606589432,100,100.00000000000001,280,41,0.15057289742463706
random_193,propylene/propane,219,781,337,444,2.0977403967225321,0.60819022899377317,677.63315435574248,100,1904.3599181145341,391,53,0.95930465035467372
random_194,ethylene/ethane,233,767,499,268,1.8432824954361957,0.70828894480372018,318.83903380916598,100,168.83346205130715,232,36,0.31430292528917164
random_194,propylene/propane,219,781,248,533,2.070288721404753,0.6411474516222857,552.04520067868827,100,1437.2569872157401,469,64,0.18903320343038443
random_195,ethylene/ethane,233,767,367,400,1.7427335617245578,0.70761774903481833,221.82574185815835,100,299.82935183753125,355,45,1.0571424172807495
random_195,propylene/propane,219,781,157,624,1.5108010802811498,0.44714057139877172,338.28256619461848,96.449586820763429,980.42836245598676,549,75,0.39078503011442589
random_196,ethylene/ethane,233,767,258,509,1.8496604704497008,0.7503527492076032,9176.6819436580317,100,553.91119843222293,452,57,0.9703633243020563
random_196,propylene/propane,219,781,434,347,1.8896494873968042,0.67486720856826221,419.84846494752088,100,1012.9042874720445,310,37,0.53970584532201371
random_197,ethylene/ethane,233,767,407,360,2.2809396201843515,0.897402473337092,2566.2619275399907,100,552.00456323891638,325,35,0.72058786379003126
random_197,propylene/propane,219,781,308,473,1.9511334591864926,0.54089387704910974,355.76702518312851,98.474389091488987,1085.2644436248743,414,59,0.64754354910825007
random_198,ethylene/ethane,233,767,508,259,1.6654143444208835,0.65637750748131318,252.10635517737958,100,100.00000000000001,228,31,0.085790408096627052
random_198,propylene/propane,219,781,329,452,2.4415683800950561,0.69896987605172811,536.79449917133206,100,926.64293113431245,396,56,1.0911700109340512
random_199,ethylene/ethane,233,767,502,265,2.4161368682885773,1,278.08808980167925,100,345.19033757829055,237,28,0.048383117504075819
random_199,propylene/propane,219,781,348,433,1.6577820964839445,0.5384742524011451,500.17296556511434,93.125325220196984,512.58335099081728,386,47,0.15619948200029124
