array_id,mof
0,BALMUW01
0,CISMAT01
0,FUDQIF
0,IYUJAO
0,LUVTEC
0,NADZEZ
0,UMEXUF
0,UVASAM
0,XEHFUL
0,XINFUW
0,XUNHAQ
0,YUBFOR
1,AMILUE
1,CUTKOS
1,DOTWAL
1,GAYFOD
1,HOWPOZ
1,ISEQIH
1,KIXXOG
1,NADZEZ
1,UMEXUF
1,XAMDUM07
1,XINFUW
1,YUKBIP01
2,AVEMOE
2,BICDAU
2,COYTEQ
2,FIRVEH
2,FUTKEL
2,IBICON
2,LABJUV
2,LACJAC
2,LIFWEE
2,XOVVEK
2,YEGCUJ
2,ZEDROR
3,ELAFUT
3,ILOJEZ
3,JOSNAG
3,LIFWOO
3,OHOLIH
3,PAPXUB
3,SENWOZ
3,UBACOR
3,XEHFUL
3,XINWUO
3,XOJWEZ
3,ZIKJIO
4,CIGYAU
4,DOTWAL
4,ECODEG
4,ISOHEE
4,MUVGOA
4,PIJJOI
4,QOMDUS
4,RAXDAX
4,TESGUU
4,XINHOT
4,XUNGUJ
4,YARYOF
5,CISMAT01
5,FAKLOU
5,FUNCEX
5,IXOFEH
5,LAGCED
5,MATVEJ
5,PEVPUD
5,SEFBOV
5,UWELIS
5,XEQRAO
5,XIDBUJ
5,XOVVIO
6,ACOLIP
6,AVEMOE
6,BONWIL
6,FEWGUL
6,GOMRAC
6,KEFBEE
6,OJICUG
6,PAKXIK
6,RACZIG
6,REGLOG
6,SEFSOM
6,VAPFUP
7,BEPMIU
7,BOJCIN
7,DAGDIZ
7,ECIWUJ
7,FUNBEW
7,HIFTOG
7,LAWGIA
7,PUSDOX
7,SERKEG
7,SUHHOT
7,VEJYUF02
7,XOVVIO
8,AHOKIR01
8,CUNWEO
8,FEWGUL
8,GUYMAP
8,LAGCED
8,MODNIC
8,MOYYIJ
8,RAXCOK
8,SAHYOQ03
8,VACFOV01
8,VISTUM
8,YARYOF
9,CICYIX
9,FAPTOH
9,FUDQIF
9,FUSWIA
9,IMACZN01
9,JASNAT
9,JOSNAG
9,KIDDIM
9,MIBQAR18
9,MODNIC
9,QUQPOI
9,WONZOP
10,CUHPUR
10,DOTWAL
10,FIGXAW
10,FIRVEH
10,GUXLIU
10,MOYYEF
10,NUVWIL
10,PUWCUF
10,QEYWUN
10,VAGTUU
10,VUQKUO
10,WONZOP
11,CUNWEO
11,CUTKOS
11,EZABEN
11,FIGXAW
11,FIPWUY
11,HIFTOG01
11,KUNWEW
11,MIDRAT
11,TEDGOA
11,VUQKUO
11,XOVVEK
11,ZERQOE
12,BENXUP
12,BONWIL
12,GUFREF
12,GULPIN
12,LEMNOH
12,MAKXAZ
12,MOYYEF
12,NUYWOU
12,QARTEK
12,QUQFIS
12,UWELIS
12,XEHFUL
13,AVEMOE
13,ERUFUS
13,FECWOB01
13,FEZREJ
13,GEHSAN
13,GUYLOC
13,IXODUV
13,LABJUV
13,QEYWUN
13,REYCOP
13,SEFBOV
13,WENDIE
14,BUVXOG
14,FUNCEX
14,GAYFOD
14,IBIDAA
14,KEWZOD
14,TEVZEA
14,UKUBIM
14,VONBIK
14,XINHOT
14,XINJAH
14,YARYOF
14,YEGYIU
15,BAEDTA01
15,CESYEF
15,EKOPOK
15,FAKLOU
15,GOMREG
15,IQUNAJ01
15,JIVFUQ
15,QEVKOS
15,QURSEC
15,TADCAE
15,TESGUU
15,XEHFUL01
16,EZUCIM
16,FUSWIA
16,HOWPOZ
16,KAYBUJ
16,LASYOU
16,NASCIV
16,PEVQEO
16,QOKCID
16,QOMFAA
16,SENWIT
16,UXEQOE
16,ZIBGIC
17,AVAQIX
17,FAPTOH
17,FIJCUX
17,FUTKEL
17,HAZNON
17,MATTUX
17,RURPEA
17,TESGUU
17,VAPFOJ
17,WALBOC02
17,XEHFUL01
17,ZESFUY
18,AGARUW
18,FIJCUX01
18,KIYMAI
18,PIJJOI
18,QOCRUW
18,RUFMUA
18,TEVZUQ
18,VONBIK
18,XINHOT
18,YAZYEF
18,YUJNOH
18,ZERQOE
19,ERUFUS
19,GAYFOD
19,HICVUM
19,IGOCOX
19,JIVFUQ
19,KAYBIX
19,LIFWOO
19,QEYWUN
19,RAXCOK
19,RAZYOI
19,SEFBOV
19,YUBFOR
20,FUNBAS
20,HAMJOW
20,IBUDOZ
20,KANDIO
20,KEWZOD
20,KEXKEF
20,LIHSEB
20,NAKLIW
20,PASKAX
20,TESGOO
20,XEHTUB
20,ZERNAN
21,GAYFOD
21,GIMVAA
21,HEGJUZ
21,JIVFUQ
21,KAYBIX
21,MIBQAR16
21,QEYWUN
21,RAXCOK
21,SAMLAV02
21,UKUBIM
21,XEHFUL01
21,XOKHAH
22,AZIXUD
22,DOQGUM
22,FAPTOH
22,GOMREG
22,GUYLOC
22,IQUNAJ
22,KAVROQ
22,PASTOU
22,QAVWAN
22,QESYOD
22,SEYDUW
22,XIDBUJ
23,BARZAW
23,EZUCIM
23,GUYLUI
23,NALWOO
23,NARTUX
23,NIRDOI
23,QIFLUO
23,SAMLAV03
23,TEVZIE
23,UVASAM
23,YAZFOW
23,YAZYEF
24,CUMDIY
24,FUNBEW
24,GUYMAP
24,ISOHEE
24,IXISOX
24,OFUYUL
24,OHAKIS
24,QOMFAA
24,REYCOP
24,VAPFOJ
24,XEHFUL
24,XUNGOD
25,COGWEB
25,IGOCOX
25,JIVFUQ
25,NEVJEF
25,OHOLIH
25,RIFDUG01
25,SENWIT
25,UWELIS
25,VACFUB01
25,WALBOC01
25,XUNHAQ
25,YEKXET
26,AFITIT
26,DOTWAL
26,DUBWON
26,MIBQAR18
26,OHAKIS
26,OTAVOV
26,PAPXUB
26,PIJJOI
26,QESYOD
26,QUGNOV
26,TEVZOK
26,VAGTUU
27,BUVXOG
27,EDUSIF
27,FAGREM
27,HUHJAW
27,ISIMAZ
27,LABJUV
27,RUFMUA
27,TENLIJ
27,UXEQOE
27,VUQKUO
27,VUSKEA
27,YEGYIU
28,GUYMAP
28,JASNAT
28,KEWZOD
28,KINKAV
28,LAVSUY
28,MATTUX
28,NIRDOI
28,OTAVOV
28,RUFMUA01
28,SEFSOM
28,XADGAM
28,XOVVEK
29,BOJCIN
29,COGWEB
29,LOFZUB
29,ODODIW
29,PAPXUB
29,QIFLUO
29,QUQPIC
29,SAHYOQ05
29,TADCAE
29,XEHFUL01
29,XEQRAO
29,XOVVEK
30,ATOXEN
30,CUNWEO
30,EMITUQ
30,GUYMAP
30,IMACZN01
30,IXODUV
30,JAVNIE
30,KANDIO
30,PIJJOI
30,RACZIG
30,SAHYOQ05
30,WONZOP
31,CICYIX
31,DEYVUA
31,FAQVEA
31,FUSWIA
31,GUYLUI
31,LAWGIA
31,QUGNOV
31,SAHYOQ05
31,SENWIT
31,SUJREV
31,TENLIJ
31,YEGYIU
32,AVEMOE
32,EZUCIM
32,GUFREF
32,LAGNUE
32,MATVAF
32,MIBQAR
32,PAMVEG
32,QOMFAA
32,SERJUV
32,TASXIW
32,UMEXUF
32,ZIBGIC
33,CANRUG
33,ELAFUT
33,FUDQIF
33,HAFQOW
33,LEDCAA
33,MATVEJ
33,OJICUG
33,PUQXUV
33,PUQYAC
33,QEYWUN
33,REDROI
33,TEDGOA
34,AGARUW
34,BEPPAP
34,GAYFOD
34,GUWDUY
34,KAVROQ
34,LAWGEW
34,SAHYOQ05
34,UVUPOR
34,XEJTIR
34,XOVVIO
34,YUKBIP01
34,ZISYAD
35,AGARUW
35,DOGZIJ
35,FIRVEH
35,GACQAE
35,ISEQIH
35,NAKLIW
35,PIJJOI
35,QUQPIC
35,VEJYUF01
35,WONZUV
35,XINFUW
35,ZISYAD
36,BALMUW01
36,BONWAD
36,CESYEF01
36,FAPTOH
36,KAYBIX
36,LACJAC
36,LOQLEJ
36,NISCOJ
36,PUQXUV
36,RUMWUS
36,TOHYUL
36,YUJNOH
37,IBICAZ
37,KEXKAB
37,LIFWOO
37,RAZYOI
37,SAKRED
37,SEFSOM
37,UTEWOG
37,VAZTOG
37,WEMNAF
37,WENDIE
37,WIDZOA
37,XEQRAO
38,AROFET
38,ECAHAT
38,FIPXEJ
38,HIFTOG02
38,MATVEJ
38,MIBQAR18
38,PAMVEG
38,QUQPIC
38,REDROI
38,SERKEG
38,VAPFOJ
38,WENDIE
39,BALMUW01
39,GACQAE
39,HOWPOZ
39,IGOCOX
39,JIVFUQ
39,QIFLUO
39,QUNMUI
39,TADCAE
39,TERFUT
39,WABTOK
39,WEBREC
39,YUKBIP01
40,AMIMEP
40,CICYIX
40,FECZAQ
40,FERHAN
40,ISOHEE
40,PIFPIE
40,QUJFUX
40,TEVZEA
40,UKUBIM
40,XIDBUJ
40,XUYXAR
40,YUGLES
41,COYTEQ
41,GUXLIU
41,KAXQOR
41,KUNWEW
41,PAKXIK
41,PAMVEG
41,QUNMUI
41,RIVDEF
41,TEDGOA
41,XINWUO
41,XUNHAQ
41,ZERQOE
42,FECZAQ
42,GUYLUI
42,KEXKAB
42,LAWGUM
42,LOFZUB
42,NEHZIK
42,PUSDOX
42,QUQPOI
42,RUMWUS
42,RURPEA
42,RURQEB
42,XEHFUL
43,DUBWON
43,FUNCEX
43,HOWPOZ
43,KINHAS
43,LIFWEE
43,OHAKIS
43,OSAXAI
43,OVICUS
43,TECTUS
43,ULOGIL
43,WABTOK
43,WONZOP
44,AHOKIR01
44,BALMUW01
44,EDUSIF
44,FECZAQ
44,HEXNII
44,LEMNOH
44,LUVTEC
44,NUVWIL
44,QATHOK
44,UXUZAP
44,YEGKOM
44,ZEDRAD
45,BEPPAP
45,FIGXAW
45,HAFQUC
45,HIMSAY
45,MOYYIJ
45,NOCKUM
45,QIFLUO
45,QUGNOV
45,QUNMUI
45,UWELIS
45,XEQRAO
45,ZEDROR
46,AMIMEP
46,AVAQIX
46,EXEWAG
46,HEGJUZ
46,HIFVOI
46,NARTUX
46,QARTEK
46,QURSEC
46,TESGUU
46,VUSKAW
46,XUNHAQ
46,ZEDROR
47,COGWEB
47,FEFDAX
47,GULPIN
47,IJENER
47,MADVUJ
47,PASTOU
47,RIVDEF
47,SUHHOT
47,VUSKAW
47,WABTOK
47,XAMDUM07
47,YUKBIP01
48,ACOLIP
48,AVIMOI
48,DEYLUQ
48,DUXZIG01
48,GUFREF
48,KIXXOG
48,LIFWEE
48,QEYWUN
48,SAKRED
48,XEHFUL
48,XUNGOD
48,ZEDROR
49,BALMUW
49,BENXUP
49,FEFCUQ
49,FIPXEJ
49,GIFKIP
49,IQUNAJ
49,LACJAC
49,ODIXEG
49,PUSDOX
49,VAPFOJ
49,WALBOC01
49,YARYOF
50,GAXWEJ
50,HAZNON
50,IJENER
50,IXOFEH
50,NEVJEF
50,OJICUG
50,PAMVEG
50,QESYOD
50,QIFLUO
50,SENWAL
50,TADCAE
50,UTEXAT
51,ECIWUJ
51,ELAFUT
51,GUFREF
51,ISIMAZ
51,PUWCUF
51,QARTEK
51,QESYOD
51,RATDAS02
51,SEYDUW
51,XEHTUB
51,XIMPOA
51,XINFUW
52,DIDDOK
52,HEKTUO
52,MIBQAR16
52,OSAXAI
52,PUQYAC
52,PUWCUF
52,SENWIT
52,TEVZEA
52,VACFOV01
52,XINFUW
52,XUVHEB
52,YEGYIU
53,AGARUW
53,BARZAW
53,GIMSIG
53,HIFTOG02
53,MIBQAR
53,ODIXEG
53,QUNMUI
53,UKUBIM
53,UVAROZ
53,VAGTUU
53,WALCET
53,WEMNAF
54,FAPTOH
54,FUTKEL
54,GEHSAN
54,HIFTOG02
54,LIFWOO
54,MATVEJ
54,MUVGOA
54,NALWOO
54,PEVQEO
54,RUFMUA
54,TEVZOK
54,TOHYUL
55,ECAHAT
55,EXEWAG
55,FIGXAW
55,GAYFUJ
55,HUHJAW
55,LABJUV
55,MIBQAR16
55,TOHYUL
55,WIDZOA
55,WIYFAM
55,XUNGUJ
55,YARKEJ
56,HAZNON
56,IBICON
56,IXOFAD
56,IXUREZ
56,KAXQOR
56,KIYMAI
56,OJICUG
56,REYCOP
56,WOWGEU
56,XOJWEZ
56,YARYOF
56,ZIKJIO
57,EBEMEF
57,KEFBEE
57,KUNWEW
57,ODODIW
57,SENWIT
57,TARWEO
57,TEDGOA
57,UTEXAT
57,WALBOC02
57,XINJAH
57,YASPEP
57,ZESFUY
58,AROFET
58,BERGAI
58,CISMAT01
58,IMACZN01
58,MIHHOA
58,NOCKUM
58,NUYWOU
58,PASKAX
58,RIVDEF
58,TARWEO
58,VACFUB01
58,VAZTOG
59,AVAQIX
59,BOJCIN
59,IBICAZ
59,ICANEH
59,LASYOU
59,LAVSUY
59,LAWGOG
59,OFUYUL
59,PEMRIK
59,PIJJOI
59,SERJUV
59,YEKXET
60,COYTEQ
60,FECZAQ
60,FERHAN
60,HAZNON
60,KAYBIX
60,LAGCED
60,LAWGIA
60,MOYYIJ
60,ODODIW
60,TARWEO
60,UWELIS
60,XEHFUL01
61,BARZAW
61,DEYVUA
61,FIJCUX
61,HAZNON
61,LELMIA01
61,LEMNOH
61,MIBQAR18
61,TASXIW
61,VUQKOI
61,XADGAM
61,XAWVUN
61,YAZYEF
62,BEPMIU
62,ESEVIH
62,FEZREJ
62,IBICON
62,LIHSEB
62,MIMVEJ
62,PORVUO
62,WEMNAF
62,XAWVUN
62,XUNGOD
62,YARKEJ
62,ZERQOE
63,FIJCUX01
63,FUNBEW
63,GIFKIP
63,GITWIQ
63,GUYMAP
63,HEKTUO
63,HEZKIH
63,LOFZUB
63,MODNIC
63,NEHZIK
63,PEVPUD
63,VACFUB01
64,BAEDTA01
64,DUBWON
64,LAVSUY
64,LAWGEW
64,MADVUJ
64,NAKLIW
64,PORVUO
64,QUVDUH
64,SAHYOQ04
64,SEHTEF
64,XEHTUB
64,YEGYIU
65,AGARUW
65,FIJCUX
65,HIFTOG02
65,LAWGIA
65,LIFWEE
65,MOYYIJ
65,NUTQEZ
65,NUYWOU
65,OVICUS
65,SENWIT
65,SUJREV
65,TADCAE
66,DEYVUA
66,GIMSIG
66,GOMREG
66,HIFVOI
66,IQUNAJ
66,PEVQEO
66,PUSDOX
66,RATDAS02
66,VUQKUO
66,XADGAM
66,XEHTUB
66,YAZFOW
67,AMUCOB
67,BERGAI
67,FEWGUL
67,IBUDOZ
67,KIXXOG
67,QOCRUW
67,RUMWUS
67,UTEWOG
67,WONZUV
67,XIMPOA
67,XUGSEY
67,ZESFUY
68,DOTWAL
68,ECODEG
68,GITWIQ
68,GUYMAP
68,LAGWEX
68,PEVPUD
68,QEYWUN
68,RABHAZ
68,SUHHOT
68,TESHAB
68,UVUPOR
68,VONBIK
69,EMITUQ
69,GACQAE
69,HAFQOW
69,ICANEH
69,IQUNAJ
69,OFUYUL
69,TEVZIE
69,WEMNAF
69,WIDZOA
69,XEXLOD
69,XINFUW
69,YUGLES
70,BALMUW01
70,CUHPUR
70,EZUCIM
70,GAYFUJ
70,KIXXOG
70,MIHHOA
70,NUTQEZ
70,QOJVAM
70,SAKRED
70,TEVZOK
70,VONBIK
70,XEHFUL
71,COGWEB
71,GULPIN
71,HICVUM
71,KINHAS
71,MATTUX
71,MIHHOA
71,NEHZIK
71,RELLAW
71,UBACUX
71,XOJWEZ
71,XUVHEB
71,ZEDRAD
72,ELAFUT
72,FIRVEH
72,PELNEA01
72,PEVQEO
72,RURPEA
72,UNIGEE
72,UVAROZ
72,VEJYUF02
72,VUSKEA
72,XAWZOM
72,YEZFIU
72,ZARZAV
73,FIPXEJ
73,HEGJUZ
73,ISIMAZ
73,PEVPUD
73,RABHAZ
73,UVAROZ
73,VUSKAW
73,WALCET
73,YUJNOH
73,ZERNAN
73,ZESFUY
73,ZIDDIB
74,ANUGIA
74,ESEVIH
74,FIJCUX01
74,GIFKIP
74,GULPIN
74,PASTOU
74,PEVPUD
74,SERKEG
74,UBACUX
74,VAZTOG
74,VUQKOI
74,ZISYAD
75,AHOKIR01
75,DUXZIG01
75,EXEWAG
75,FAPTOH
75,GITWIQ
75,OTAVOV
75,QUJFUX
75,SUHHOT
75,TETZID
75,UVEXAV
75,WEBREC
75,WIDZOA
76,DUBWON
76,FECZAQ
76,FEFDAX
76,FUNBAS
76,IYUJAO
76,JOSNAG
76,NADZEZ
76,QOCRUW
76,QUQPOI
76,TEVZUQ
76,UBACUX
76,VUQKOI
77,CISMAT01
77,EDUSIF
77,FUNBIA
77,GACQAE
77,HAMJOW
77,KIYMAI
77,NAKLIW
77,PIHNUQ
77,QOCRUW
77,SAHYOQ04
77,XENKIM
77,ZESFUY
78,ECAHAT
78,HEXNII
78,KIDDIM
78,ODODIW
78,PIHNUQ
78,QUJFUX
78,SAHYOQ05
78,TECTUS
78,TESGUU
78,WEBREC
78,WOWGEU
78,YAZFOW
79,AROFET
79,BUVYEX
79,DEYVUA
79,IQUNAJ
79,JAVNIE
79,OFERUN02
79,OTAVOV
79,RATDAS02
79,REYCOP
79,RURPEA
79,TESGOO
79,VACFOV01
80,FAGREM
80,FIJCUX01
80,MATTUX
80,MUVGOA
80,NALWOO
80,PASTOU
80,QUPHUF
80,QURSEC
80,TERFUT
80,WALCET
80,XEHFUL01
80,XUGSEY
81,AMILUE
81,ATOXEN
81,GUXLIU
81,HIFVOI
81,KEWZOD
81,KIYMAI
81,QESYOD
81,SUJREV
81,TECTUS
81,TOHYUL
81,XIMPOA
81,ZARZAV
82,CUMDIY
82,FAPTIB
82,FIJCUX
82,GUYLOC
82,IBIDAA
82,LAWGEW
82,LEGGEK
82,NEHZIK
82,OTAVOV
82,PEVPUD
82,REDROI
82,YUKBIP01
83,APEBED
83,BEPMIU
83,DUBWON
83,FIGXAW
83,HEZKIH
83,IQUNAJ01
83,IXUREZ
83,QOCRUW
83,UVARIT
83,WECJAR
83,XAWZOM
83,ZIBGIC
84,BAEDTA01
84,FAPTOH
84,GIFKIP
84,GIZJOP
84,KAXQOR
84,KEFBEE
84,KEXKAB
84,NARTUX
84,PIFPIE
84,RAZYIC
84,SENWAL
84,TESHAB
85,AMIKOX
85,EDUSIF
85,FAKLOU
85,GACQAE
85,HEKTUO
85,NUTQAV
85,REYCOP
85,TERFUT
85,TESGOO
85,WECJAR
85,XENKIM
85,XUNGOD
86,FUNBIA
86,GIFKIP
86,GITWIQ
86,GUWDUY
86,KAXQIL
86,MODNIC
86,OVICUS
86,REDROI
86,SAMLAV03
86,TARWEO
86,TEDGOA
86,VACFOV01
87,FIPWUY
87,IXOFEH
87,LACJAC
87,LEGGEK
87,NAKLIW
87,ODODIW
87,OJICUG
87,PIFPIE
87,QUQPIC
87,UTEWOG
87,VISTUM
87,XENKIM
88,BERFIP
88,EKOPOK
88,FUSWIA
88,GIMVAA
88,HAFQUC
88,HEKTUO
88,LABJUV
88,NUVWIL
88,ODODIW
88,QOCRUW
88,QOMDUS
88,VUQKOI
89,BOWQAG
89,EZABEN
89,IBICAZ
89,KINKAV
89,MEJQEZ
89,MOYYIJ
89,QOMDUS
89,QUGNOV
89,RELLAW
89,TEVZOK
89,UTEWOG
89,XEXLOD
90,DUXZIG01
90,ERUFUS
90,KIXXOG
90,LACJAC
90,MIKJAR
90,NEVJEF
90,PUWCUF
90,RIVDEF
90,TEDGOA
90,VACFUB01
90,VAZTOG
90,ZESFUY
91,AMUCOB
91,BERFIP
91,CEGWER
91,EXEWAG
91,FUNBAS
91,KOMHAW
91,QOKCID
91,REGLOG
91,SAHYOQ04
91,SUHHOT
91,TECTUS
91,XENKIM
92,FEFCUQ
92,FIPWOS
92,FIPWUY
92,KINKAV
92,MATVEJ
92,MOYYIJ
92,OFERUN02
92,QOKCID
92,WABTOK
92,XEXMEU
92,XUVHEB
92,ZIBGIC
93,BOWQAG
93,EDADIX
93,FERHAN
93,FIQCEN
93,FUTKEL
93,HEZKIH
93,KAXQIL
93,LASYOU
93,NEHZIK
93,QUQFIS
93,UKUBIM
93,VUQKUO
94,AMILUE
94,AVIMOI
94,CUNFOH01
94,DUXZIG01
94,FAGREM
94,FIQCEN
94,KEWZOD
94,MAKXAZ
94,OFERUN02
94,QUNMUI
94,UXUZAP
94,XEJTIR
95,FIPWOS
95,FUNCEX
95,GAYFUJ
95,IGOCOX
95,KEFBEE
95,NISCOJ
95,QUJFUX
95,RIFDUG01
95,SAHYOQ04
95,SAMLAV03
95,TENLIJ
95,WIDZOA
96,DUBWON
96,GAXWEJ
96,GIMSIG
96,MATVAF
96,QEVKOS
96,QEYWUN
96,RIVDEF
96,UBACOR
96,VAZTOG
96,XAWZOM
96,XUWVEQ
96,YASPEP
97,BETGAK
97,EKOPOK
97,FAPTOH
97,HIFTOG01
97,ISIMAZ
97,KAXQOR
97,LAVSUY
97,MOCKEV
97,RABHAZ
97,VAHSIH
97,VARRIP
97,XOKHAH
98,CESYEF01
98,DUXZIG01
98,GOMRAC
98,GUYLUI
98,IBUDOZ
98,ISOHEE
98,JIVFUQ
98,NOCKUM
98,TADCAE
98,TARWEO
98,UKUBIM
98,YUGLES
99,AVIMOI
99,COGWEB
99,CUHPUR
99,EDUSIF
99,FIJCUX01
99,IJENER
99,KANDIO
99,QATHOK
99,QOMFAA
99,RAXDAX
99,SEFSOM
99,WEMNAF
100,CEGDUO
100,FIPXEJ
100,GEDLIM
100,IXUREZ
100,LAWGIA
100,MATVEJ
100,MIMVEJ
100,OFERUN02
100,OTAVOV
100,RUVMAX
100,TERFUT
100,XOVVIO
101,CEGDUO
101,GALCED
101,IXISAJ
101,LEMNOH
101,MIBQAR16
101,MOCKEV
101,NUYWOU
101,PUQYAC
101,RUFMUA01
101,SUKYIH
101,VISTUM
101,XUVHEB
102,BEPMIU
102,CESYEF01
102,EBEMEF
102,HIFTOG01
102,IQUNAJ01
102,KAXQIL
102,KAXQOR
102,PASKAX
102,TASXIW
102,UXUZAP
102,WIYFAM
102,XUNGOD
103,EDUSIF
103,GACQAE
103,GINLIA
103,GIZJOP
103,KUNWEW
103,ODODIW
103,QEFNAQ
103,SEYDUW
103,UVASAM
103,WALCET
103,XOVVEK
103,YEGYIU
104,CIGYAU
104,FEFDAX
104,PASTOU
104,PUWCUF
104,QUNMUI
104,RAZYOI
104,TARWEO
104,UTEWUM
104,WECJAR
104,XOKHAH
104,XUNGOD
104,YASPEP
105,AGARUW
105,AROFET
105,BALMUW01
105,BUVXOG
105,DOGZIJ
105,FEFCUQ
105,HAMJOW
105,HEXNII
105,NOCKUM
105,SEHTEF
105,TESGUU
105,VISTUM
106,DEYVUA
106,GUYLUI01
106,HEGJUZ
106,IXODUV
106,IYUJAO
106,LIFWOO
106,QUNMUI
106,RIVDEF
106,RUFMUA01
106,WALBOC
106,XEHTUB
106,XOVVIO
107,ABUWOJ
107,AROFET
107,BERFIP
107,EDADIX
107,IBICON
107,KEWZOD
107,LAGWEX
107,QOCRUW
107,RACZIG
107,TESGUU
107,VACFOV01
107,XIDBUJ
108,AVAQIX
108,BETGAK
108,FEFCUQ
108,NEVJEF
108,QIFLUO
108,QUJFUX
108,TECTUS
108,TERFUT
108,WEMNAF
108,WIDZOA
108,XOKHAH
108,YUGLES
109,ECAHAT
109,GUYLOC
109,IBICON
109,IBUDOZ
109,ICANEH
109,LAWGEW
109,LIFWOO
109,PASKAX
109,QOJVAM
109,XIBZUF
109,XIDBUJ
109,XINWUO
110,DOQGUM
110,ECAHAT
110,GEHSAN
110,GIMSIG
110,HAMJOW
110,HEZKIH
110,HIFTOG
110,KEFBEE
110,LAGWEX
110,LIHSEB
110,SAKRED
110,ZISYAD
111,BEPPAP
111,CEGWER
111,DOTWAL
111,GACQAE
111,MIDRAT
111,MOYYEF
111,QEVKOS
111,RUFMUA
111,TEVZIE
111,UVUPOR
111,WALCET
111,XUVHEB
112,CIGYAU
112,FIGXAW
112,GEHSAN
112,ICANAD
112,JIVFUQ
112,KIDDIM
112,LIFWEE
112,SENWAL
112,TERFUT
112,TESHAB
112,TEVZIE
112,ZERQOE
113,ESEVIH
113,EZABEN
113,FUDQIF
113,HEKTUO
113,PAPXUB
113,QUQPOI
113,SAKRED
113,UTEWOG
113,UXUZAP
113,WALCET
113,XAMDUM07
113,ZIBGIC
114,ECAHAT
114,IBICON
114,KAYBUJ
114,MAKXAZ
114,MOYYIJ
114,MUVGOA
114,RUFMUA01
114,TECTUS
114,TESGOO
114,XIDBUJ
114,XUNGOD
114,YEZFIU
115,BAEDTA01
115,ECIWUJ
115,KUNWEW
115,PAPXUB
115,QATHOK
115,QOKCID
115,SUJQOE
115,UTEWUM
115,VEJYUF01
115,VONBIK
115,YEZFIU
115,ZIDDIB
116,CUNWEO
116,DUBWON
116,FUNBOG
116,GAYFUJ
116,IJENER
116,IQUNAJ
116,PEVQEO
116,PUQXUV
116,RAZYOI
116,TEVZIE
116,WECJAR
116,XOJWEZ
117,BUVXOG
117,ELAFUT
117,FECZAQ
117,HIFTOG02
117,KIXXOG
117,LAVSUY
117,PUQXUV
117,QUNMUI
117,RUMWUS
117,TESHAB
117,XIDBUJ
117,ZERNAN
118,AROFET
118,CEGWER
118,EBEMII
118,FEWGUL
118,FIJCUX01
118,FUNBOG
118,GUYLUI
118,RUFMUA01
118,TADCAE
118,TENLIJ
118,WONZOP
118,XOJWEZ
119,BUVYEX
119,CUHPUR
119,ERUFUS
119,FERHAN
119,GIMVAA
119,IBICAZ
119,IXUREZ
119,LELMIA01
119,PIJJOI
119,REDROI
119,UVAROZ
119,VARRIP
120,AFITIT
120,AGARUW
120,AMILUE
120,ANUGIA
120,BOJCIN
120,HIFVOI
120,HUTTIA
120,IXUREZ
120,KEFBEE
120,MAKXAZ
120,PASKAX
120,VUQKOI
121,BEPPAP
121,GEHSAN
121,GIZJOP
121,IBICED
121,NUVWIL
121,OSAXAI
121,QARTEK
121,RUMWUS
121,SAHYOQ05
121,TERFUT
121,YUJNOH
121,ZIBGIC
122,EDADIX
122,KIDDIM
122,LASYOU
122,PEVQEO
122,PIHNUQ
122,RATDAS02
122,RIVDEF
122,RUFMUA01
122,VUQKOI
122,WIDZOA
122,XADGAM
122,XIDBUJ
123,BERFIP
123,BERGAI
123,ECIWUJ
123,HAFQUC
123,HIFVOI
123,KAXQIL
123,MATVEJ
123,OHOLIH
123,SERKEG
123,VAHSIH
123,XUNHAQ
123,YARYOF
124,CIGYAU
124,CUMDIY
124,CUNWEO
124,DOGZIJ
124,FERHAN
124,IXODUV
124,MIDRAT
124,PIFPIE
124,PUSDOX
124,RAXDAX
124,SUKYIH
124,TEDGOA
125,MATVAF
125,NUTQAV
125,OFORUX
125,QIFLUO
125,SERJUV
125,TERFUT
125,TESGOO
125,VACFUB01
125,WABTOK
125,XEDPIH
125,XOVVEK
125,YEGYIU
126,CICYIX
126,FUTKEL
126,GOMREG
126,LAGCED
126,MATTUX
126,MEJQEZ
126,MIHHOA
126,ODODIW
126,PAPXUB
126,SUJQOE
126,TEVZUQ
126,XUNGOD
127,CUHPUR
127,FUTKEL
127,GAXWEJ
127,JIVFUQ
127,KANDIO
127,KEFBEE
127,QOCRUW
127,QURSEC
127,RUFMUA01
127,SUKYIH
127,UTEXAT
127,XUVHEB
128,FECZAQ
128,FIPWUY
128,GACQAE
128,GAYFUJ
128,NARTUX
128,QEYWUN
128,RUMWUS
128,TEDGOA
128,VASKOR
128,WABTOK
128,WONZUV
128,ZERQOE
129,DOGZIJ
129,HUHJAW
129,IGOCOX
129,ILOJEZ
129,LIFWEE
129,MIMVEJ
129,NIRDOI
129,PUSDOX
129,QUPHUF
129,UBUMAH
129,VAGTUU
129,WENDIE
130,EZUCIM
130,FAGREM
130,FAPTIB
130,HUHJAW
130,LAGWEX
130,MIBQAR
130,MUVGOA
130,PAKXIK
130,PEVQEO
130,QEFNAQ
130,QUVDUH
130,ULOGIL
131,DAGDIZ
131,DIDDOK
131,GIMVAA
131,GOMREG
131,GUFREF
131,IQUNAJ
131,IXOFIL
131,PUQXUV
131,QESYOD
131,QOKCID
131,XEDPIH
131,XEXMEU
132,CEGDUO
132,FAGREM
132,FAPTIB
132,GUYLUI01
132,IBICON
132,LAGNUE
132,LEDCAA
132,LELMIA01
132,OHOLIH
132,VISTUM
132,YARKEJ
132,YARYOF
133,CIGYAU
133,CUHPUR
133,EKOPOK
133,ELAFUT
133,EXEWAG
133,FAPTOH
133,FEZREJ
133,GITWIQ
133,LAGCED
133,OHAKIS
133,XINHOT
133,ZEDROR
134,BALMUW
134,CUMDIY
134,DEYDOA
134,FAKLOU
134,GAXWEJ
134,ICANAD
134,LAWGOG
134,QATHOK
134,XINFUW
134,XUGSEY
134,XUWVEQ
134,YEGYIU
135,CIGYAU
135,FERHAN
135,FIPWUY
135,FUSWIA
135,JOSNAG
135,LEDCAA
135,LEGGEK
135,MATVAF
135,PUQXUV
135,SAHYOQ04
135,WALCET
135,ZARZAV
136,AGARUW
136,DUXZIG01
136,ISEQIH
136,JAVNIE
136,KAYBUJ
136,SAHYOQ05
136,SEFBOV
136,SENWAL
136,SERJUV
136,TOHYUL
136,XEXMEU
136,XUNGOD
137,ANUGIA
137,FIJCUX
137,GUYLOC
137,HABRIN
137,HEKTUO
137,LASYOU
137,MIHHOA
137,MOYYIJ
137,NEHZIK
137,PAPXUB
137,PUQXUV
137,RACZIG
138,AMIMEP
138,GEDLIM
138,HAMJOW
138,KEFBEE
138,MOYYIJ
138,PELNEA01
138,PUSDOX
138,QATHOK
138,SUJQOE
138,UBACOR
138,VACFUB01
138,YARYEV
139,CICYIX
139,DUXZIG01
139,GITWIQ
139,HEGJUZ
139,MIBQAR18
139,OJICUG
139,QOJVAM
139,UTEWOG
139,UVASAM
139,WALBOC02
139,ZARZAV
139,ZIDDIB
140,ATOXEN
140,BOWQAG
140,EBEMEF
140,EDADIX
140,ERUFUS
140,EZUCIM
140,GALCED
140,MIHHOA
140,OHOLIH
140,VARRIP
140,WONZUV
140,XEXMEU
141,AMIKOX
141,AMUCOB
141,ECIWUJ
141,FIPWOS
141,HEXNII
141,ISOHEE
141,JIVFUQ
141,MOCKEV
141,NOCKUM
141,PASKAX
141,QATHOK
141,ZIKJIO
142,CUMDIY
142,DEYLUQ
142,DEYVUA
142,GINLIA
142,GUWDUY
142,ODIXEG
142,PAPXUB
142,RIVDEF
142,TENLIJ
142,UTEWOG
142,WIFBAQ
142,XUGSEY
143,GIMSIG
143,GOMREG
143,HIMSAY
143,IXOFEH
143,NASCIV
143,QEVKOS
143,RAZYIC
143,SAMLAV03
143,VACFUB01
143,WABTOK
143,XEHTUB
143,YARYEV
144,EMITUQ
144,FAPTIB
144,FUSWIA
144,KEXKEF
144,MAKXAZ
144,NUVWIL
144,NUYWOU
144,OHAKIS
144,RUCGOM
144,TENLIJ
144,VAPFUP
144,WOWGEU
145,BERGAI
145,COYTEQ
145,FUSWIA
145,GEDLIM
145,HIMSAY
145,KEWZOD
145,NOCKUM
145,PEVPUD
145,PUWCUF
145,QUJFUX
145,TEVZIE
145,XINJAH
146,ECAHAT
146,FUDQIF
146,GUXLIU
146,HAMJOW
146,HIFTOG
146,KAYBIX
146,PAKXIK
146,QOMFAA
146,REDROI
146,UMEXUF
146,XADGAM
146,ZERNAN
147,BONWIL
147,FAQVEA
147,FECZAQ
147,HUTTIA
147,ICANEH
147,IQUNAJ
147,REYCOP
147,VARRIP
147,WALBOC01
147,WALBOC02
147,XUNGOD
147,XUYXAR
148,DOQGUM
148,IXOFEH
148,KANDIO
148,LUVTEC
148,QEYWUN
148,REYCOP
148,SAKRED
148,UXEQOE
148,VAPFUP
148,WALCET
148,WENDIE
148,XUNGUJ
149,BENXUP
149,CUHPUR
149,DEYDOA
149,EDADIX
149,GIMVAA
149,IXOFEH
149,MIBQAR
149,MIBQAR16
149,QEVKOS
149,VAZTOG
149,XINHOT
149,XOKHAH
150,BAEDTA01
150,FEFDAX
150,FEWGUL
150,FUNBAS
150,MODNIC
150,NOCKUM
150,OSAXAI
150,PUQYAC
150,RUFMUA
150,RUMWUS
150,TECTUS
150,YEZFIU
151,DOGZIJ
151,ECAHAT
151,GOMRAC
151,HUTTIA
151,IQUNAJ
151,JASNAT
151,OSAXAI
151,PUSDOX
151,RIFDUG01
151,SERKEG
151,XINFUW
151,XINHOT
152,ABUWOJ
152,DIDDOK
152,GULPIN
152,HEGJUZ
152,HIFVOI
152,PAMVEG
152,PIFPIE
152,RAZYOI
152,UKUBIM
152,VASKOR
152,WALBOC01
152,XUGSEY
153,AGARUW
153,BARZAW
153,CANRUG
153,EZABEN
153,GUWDUY
153,HUTTIA
153,PEVPUD
153,RUVMAX
153,UNIGEE
153,WIFBAQ
153,XUYXAR
153,YEGKOM
154,AMILUE
154,BAEDTA01
154,DEYVUA
154,IXOFEH
154,MAKXAZ
154,MOGVAG
154,QUPHUF
154,QUQFIS
154,RUVMAX
154,XAWZOM
154,XEXLOD
154,ZIKJIO
155,CESYEF01
155,DUXZIG01
155,FECWOB01
155,ISIMAZ
155,IXOFEH
155,KAYBUJ
155,KEXKEF
155,NISCOJ
155,RURPEA
155,SUJREV
155,VAPFUP
155,XINWUO
156,AROFET
156,BOWQAG
156,FAGREM
156,IQUNAJ01
156,IXOFAD
156,QOJVAM
156,QUVDUH
156,UTEWUM
156,YARKEJ
156,YEGKOM
156,YUKBIP01
156,ZERNAN
157,DOQGUM
157,EDADIX
157,FIPWOS
157,FUNBEW
157,GACQAE
157,GIMVAA
157,GUYLOC
157,UVEXAV
157,VUSKEA
157,WENDIE
157,XUVHEB
157,ZARZAV
158,DEYLUQ
158,EKOPOK
158,GIFKIP
158,HOWPOZ
158,MATTUX
158,MATVAF
158,MIBQAR16
158,SERJUV
158,UTEXAT
158,VAPFUP
158,XAMDUM07
158,ZIDDIB
159,BUVXOG
159,DOGZIJ
159,FEZREJ
159,FUNCAT
159,GIZJOP
159,HOWPOZ
159,IBICON
159,IBIDAA
159,JIVFUQ
159,JOSNAG
159,LAWGOG
159,UMEXUF
160,COYTEQ
160,FEFDAX
160,GACQAE
160,GOMREG
160,ISEQIH
160,IXISOX
160,QESYOD
160,QOCRUW
160,SENWOZ
160,TESGOO
160,WALBOC01
160,XAMDUM07
161,AGARUW
161,AVEMOE
161,BALMUW
161,ESEVIH
161,FAKLOU
161,FEFCUQ
161,GIMVAA
161,PAKXIK
161,RAZYIC
161,SUJREV
161,VEJYUF02
161,XUNGOD
162,AMUCOB
162,CIGYAU
162,FIPWUY
162,GITWIQ
162,IXOFIL
162,KUNWEW
162,LASYOU
162,NUYWOU
162,VUSKEA
162,WABTOK
162,XEHTUB
162,XOVVIO
163,AHOKIR01
163,FIRVEH
163,GUWDUY
163,LAGWEX
163,QUQPOI
163,REGLOG
163,SAHYOQ04
163,TASXIW
163,TEDGOA
163,TESHAB
163,XAWZOM
163,XUWVEQ
164,ANUGIA
164,EDADIX
164,FAPTOH
164,FUDQIF
164,ODODIW
164,OFERUN02
164,PASKAX
164,QOKCID
164,REDROI
164,REYCOP
164,TESGUU
164,YEZFIU
165,BETGAK
165,CANRUG
165,DAJHUS
165,GAYFOD
165,IMACZN01
165,KIDDIM
165,LAGNUE
165,LAVSUY
165,MADVUJ
165,NUVWIL
165,RAZYIC
165,TEVZOK
166,AGARUW
166,BENXUP
166,EBEMII
166,HUTTIA
166,IXOFIL
166,JAVNIE
166,QOMDUS
166,REDROI
166,TASXIW
166,TOHYUL
166,UVUPOR
166,YEKXET
167,CESYEF
167,FUTKEL
167,HEGJUZ
167,KIYMAI
167,MATTUX
167,PAPXUB
167,RUFMUA
167,TETZID
167,TEVZEA
167,ULOGIL
167,VAZTOG
167,XOJWEZ
168,CANRUG
168,CISMAT01
168,FECWOB01
168,FEFDAX
168,GOMRAC
168,GOMREG
168,ILOJEZ
168,QEFNAQ
168,QEVKOS
168,QUJFUX
168,UXEQOE
168,ZERQOE
169,AVEMOE
169,CANRUG
169,CEGWER
169,DUBWON
169,IGOCOX
169,LAWGEW
169,LEDCAA
169,LIHSEB
169,MADWAQ
169,PEMRIK
169,SUJQOE
169,UWELIS
170,CUNWEO
170,FIPWOS
170,LEDCAA
170,NARTUX
170,OFUYUL
170,OJICUG
170,QIFLUO
170,QOMFAA
170,RIPNIP
170,RUFMUA
170,SERKEG
170,WALBOC02
171,BENXUP
171,COYTEQ
171,EDUSIF
171,HIFTOG02
171,KEWZOD
171,KEXKEF
171,LAWGUM
171,NUTQEZ
171,RAZYOI
171,TENLIJ
171,XUWVEQ
171,YEZFIU
172,CUHPUR
172,IBIDAA
172,LIHSEB
172,PEVPUD
172,RURQEB
172,RUVMAX
172,TARWEO
172,TEVZOK
172,UBUMAH
172,WALCET
172,WIFBAQ
172,XINFUW
173,BEPPAP
173,CESYEF01
173,FEZREJ
173,FUNBIA
173,IQUNAJ
173,KEXKEF
173,NAKLIW
173,QEYWUN
173,RAZYOI
173,SEFBOV
173,TESGUU
173,ZIDDIB
174,KIYMAI
174,LIFWEE
174,MIDRAT
174,MUVGOA
174,NUTQAV
174,PAMVEG
174,QOMDUS
174,REGLOG
174,SENWIT
174,UTEXAT
174,VUSKAW
174,VUSKEA
175,BEPMIU
175,EKOPOK
175,IGOCOX
175,KAYBUJ
175,LABJUV
175,MADWAQ
175,NADZEZ
175,PIHNUQ
175,PUSDOX
175,QIFLUO
175,UTEWOG
175,XEHFUL
176,ATOXEN
176,FIJCUX
176,FIRVEH
176,HAFQOW
176,IQUNAJ01
176,JAVNIE
176,JOSNAG
176,KEFBEE
176,LIKFOB
176,SAMLAV02
176,TEDGOA
176,UKUBIM
177,FAKLOU
177,FUTKEL
177,GAXWEJ
177,IJENER
177,ODIXEG
177,PUQYAC
177,UXUZAP
177,VAPFUP
177,VISTUM
177,VUSKAW
177,XUYXAR
177,YEKXET
178,CESYEF01
178,FAPTIB
178,HOWPOZ
178,RATDAS02
178,REGLOG
178,RIVDEF
178,SAMLAV02
178,TOHYUL
178,UKUBIM
178,WALBOC01
178,WALCET
178,WIYFAM
179,AMIMEP
179,BEPPAP
179,BONWAD
179,FIRVEH
179,HOWPOZ
179,KEFBEE
179,LIHSEB
179,RAXDAX
179,SENWAL
179,XEQRAO
179,XIDBUJ
179,ZEDRAD
180,BOJCIN
180,BUVYEX
180,FEWGUL
180,GINLIA
180,HEZKIH
180,KAXQOR01
180,KEXKAB
180,MOYYEF
180,SAHYOQ03
180,SENWIT
180,TESGOO
180,VARRIP
181,BARZAW
181,CESYEF
181,DOTWAL
181,FAPTIB
181,GEHSAN
181,HEKTUO
181,LEGGEK
181,PAKXIK
181,UNIGEE
181,WENDIE
181,WONZUV
181,ZEDROR
182,FAQVEA
182,FECWOB01
182,GAYFOD
182,HAFQUC
182,IXISAJ
182,LIHSEB
182,NUTQEZ
182,RUVMAX
182,SERJUV
182,SEYDUW
182,XUWVEQ
182,ZERNAN
183,DUBWON
183,EDADIX
183,FEFDAX
183,IXOFAD
183,IXUREZ
183,LIHSEB
183,OJICUG
183,QUGNOV
183,RIPNIP
183,UTEWOG
183,VAGTUU
183,WENDIE
184,AZIXUD
184,DAGDIZ
184,FIGXAW
184,HIFTOG02
184,IBICED
184,IBUDOZ
184,MEJQEZ
184,NISCOJ
184,RURPEA
184,WIDZOA
184,XEHFUL01
184,XEJTIR
185,BUVXOG
185,FERHAN
185,GUYMAP
185,HAFQOW
185,LEMNOH
185,MOCKEV
185,OJICUG
185,SENWAL
185,SENWIT
185,XAWVUN
185,XOVVIO
185,YEKXET
186,BICDAU
186,CANRUG
186,EDUSIF
186,FUNCEX
186,HIFTOG
186,KAYBIX
186,KUNWEW
186,NUYWOU
186,OSAXAI
186,QOCRUW
186,XIBZUF
186,XUVHEB
187,EXEWAG
187,GAYFUJ
187,GUWDUY
187,HAFQUC
187,MOCKEV
187,QOJVAM
187,RATDAS02
187,RAXDAX
187,RUVMAX
187,UVEXAV
187,XOVVIO
187,YARYOF
188,AHOKIR01
188,FAGREM
188,FIQCEN
188,FUNBIA
188,HIHGOW
188,IBIDAA
188,LEGGEK
188,LIKFOB
188,NEVJEF
188,UTEWUM
188,WIFBAQ
188,WOWGEU
189,IYUJAO
189,JAVNIE
189,LIFWEE
189,QARTEK
189,QAVWAN
189,TEVZEA
189,VACFOV01
189,VARRIP
189,WALBOC01
189,WENDIE
189,XIMPOA
189,XOVVIO
190,ABUWOJ
190,AMIMEP
190,ECODEG
190,EDADIX
190,IXISOX
190,PEMRIK
190,PUQYAC
190,RATDAS02
190,SERKEG
190,SEYDUW
190,SUJREV
190,XOVVIO
191,AMIMEP
191,EMITUQ
191,FEWGUL
191,ISIMAZ
191,OFUYUL
191,PASTOU
191,PIFPIE
191,UVASAM
191,UVEXAV
191,UWELIS
191,XEHFUL01
191,XIDBUJ
192,GOMREG
192,MIBQAR16
192,MIKJAR
192,PUWCUF
192,REDROI
192,RUVMAX
192,SAHYOQ03
192,SUKYIH
192,WABTOK
192,XIBZUF
192,XINFUW
192,XUVHEB
193,BARZAW
193,FUNBAS
193,GACQAE
193,IBIDAA
193,KAYBUJ
193,KEWZOD
193,LACJAC
193,QEVKOS
193,QEYWUN
193,RUCGOM
193,UBACUX
193,YUJNOH
194,ERUFUS
194,FECZAQ
194,JOSNAG
194,KOMHAW
194,MIDRAT
194,NUTQEZ
194,PUSDOX
194,RATDAS02
194,TARWEO
194,TETZID
194,XEHFUL01
194,XOVVEK
195,AHOKIR01
195,ECAHAT
195,FUNBIA
195,HAZNON
195,HIFTOG02
195,KAYBIX
195,LIFWEE
195,PAPXUB
195,SENWAL
195,UVAROZ
195,WALCET
195,XUWVEQ
196,BALMUW
196,CIGYAU
196,DEGJIK
196,FIGXAW
196,FIPWOS
196,GULPIN
196,JAVNIE
196,MOGVAG
196,PAMVEG
196,PASKAX
196,TEDGOA
196,XAWZOM
197,ERUFUS
197,HEGJUZ
197,IXOFEH
197,JIVFUQ
197,LABJUV
197,MOCKEV
197,UTEWOG
197,VAGTUU
197,WALCET
197,WEMNAF
197,WONZUV
197,ZIBGIC
198,ABUWOJ
198,AMILUE
198,FAQVEA
198,FEFDAX
198,FEZREJ
198,IXOFEH
198,LAVSUY
198,OTAVOV
198,SENWOZ
198,TESGUU
198,VUQKUO
198,YEGKOM
199,ABUWOJ
199,FEZREJ
199,FUDQIF
199,IQUNAJ01
199,KAXQIL
199,LAWGEW
199,NUTQAV
199,NUTQEZ
199,QEVKOS
199,WALBOC
199,XEHFUL01
199,ZERQOE
