mof,methane,ethane,ethene,propane,propene,isobutane,isopentane,2-pentene,primary_sigma
CISMAT01,8.5900000000000001e-05,0.0031507699999999998,0.0013776699999999999,0.040825,0.037164599999999999,0.00108147,0.0032827899999999998,0.0076128100000000002,0.00040825000000000003
FERHAN,1.6099999999999998e-05,0.00092344699999999998,0.000296765,0.0226862,0.0102319,0.261044,0.23174700000000001,0.017963900000000001,0.0026104399999999999
FUDQIF,4.6100000000000002e-05,0.00072817599999999998,0.00037093500000000003,0.000343276,0.0023926300000000002,5.9000000000000001e-22,2.7700000000000004e-21,0.024844499999999999,0.00024844499999999997
GEDLIM,3.3399999999999999e-05,0.00124504,0.00054274900000000003,0.0192149,0.0110539,0.22003,5.3586999999999998,5.1714799999999999,0.053586999999999996
GEHSAN,4.5599999999999997e-05,0.0022361999999999998,0.00089824100000000004,0.010346899999999999,0.0088470300000000005,0.0040576700000000002,0.00083333599999999995,0.00057660800000000005,0.00010346899999999999
GIZJOP,1.3200000000000001e-05,0.00038772500000000001,0.00016090599999999999,0.0033151600000000002,0.00208596,0.018200000000000001,0.0028338,0.000208152,0.00018200000000000001
LOFZUB,0.00021892,0.031020099999999998,0.0079608500000000002,3.8416700000000001,1.16191,555.99699999999996,44190.099999999999,6676.3599999999997,441.90100000000001
MEJQEZ,3.5299999999999997e-05,0.0011199199999999999,0.00050293199999999999,0.0112021,0.0084007100000000005,0.0034591000000000001,0.00162801,0.0060710900000000003,0.000112021
MOGVAG,1.88e-05,0.000701006,0.00034777799999999998,0.0021197899999999999,0.0035413300000000001,1.49e-07,6.0699999999999999e-09,4.9299999999999998e-07,4.67015e-05
PUQXUV,6.1699999999999995e-05,0.0075913100000000004,0.00228268,0.063922199999999998,0.041278299999999997,0.109405,0.0252287,0.110096,0.00110096
RURPEA,2.34e-05,0.000278669,0.00021615,0.00014360800000000001,0.00054652300000000004,9.7800000000000007e-12,2.45e-14,7.2200000000000007e-05,4.67015e-05
XUWVEQ,0.00027501700000000001,0.0070810400000000003,0.0042739400000000004,0.0050838999999999997,0.0156221,1.3399999999999999e-08,3.3999999999999998e-09,0.059922299999999998,0.00059922299999999996
