coverage_rank,molecule_id,molecule_name,chemical_class,source_set,selection_basis,computed_pair_count,computed_mof_count,coverage_percent,henry_q1,henry_median,henry_q3,henry_iqr,zero_K_count,henry_unit,temperature_K,K_scale,quantile_method,qm9_smiles,identity_source_url
1,propyl_alcohol,1-Propanol,alcohol,initial named set,requested solvent family,471,471,24.278350515463917,0.000189535,0.00546686,0.126832,0.126642465,0,mol kg^-1 Pa^-1,300,linear,pandas linear interpolation,not_applicable,https://zenodo.org/records/16754752
1,23-dimethylbutane,"2,3-Dimethylbutane",alkane,initial named set,C4+ alkane/hydrocarbon solvent family,471,471,24.278350515463917,4.6799999999999996e-8,0.0186881,1.4904899999999999,1.4904899531999998,17,mol kg^-1 Pa^-1,300,linear,pandas linear interpolation,not_applicable,https://zenodo.org/records/16754752
1,methyl_propyl_ketone,2-Pentanone,ketone,initial named set,requested solvent family,471,471,24.278350515463917,0.00003445,0.0146949,0.7760135,0.77597905,7,mol kg^-1 Pa^-1,300,linear,pandas linear interpolation,not_applicable,https://zenodo.org/records/16754752
1,3-methylpentane,3-Methylpentane,alkane,initial named set,C4+ alkane/hydrocarbon solvent family,471,471,24.278350515463917,0.000002105,0.0575516,2.806855,2.806852895,12,mol kg^-1 Pa^-1,300,linear,pandas linear interpolation,not_applicable,https://zenodo.org/records/16754752
1,4-hexen-2-one,4-Hexen-2-one,ketone + alkene,initial named set,requested solvent family,471,471,24.278350515463917,0.0034265650000000003,2.2306,221.07350000000002,221.070073435,8,mol kg^-1 Pa^-1,300,linear,pandas linear interpolation,not_applicable,https://zenodo.org/records/16754752
1,4-methyl-4-penten-2-one,4-Methyl-4-penten-2-one,ketone + alkene,initial named set,requested solvent family,471,471,24.278350515463917,0.0002765425,1.05491,71.8729,71.8726234575,14,mol kg^-1 Pa^-1,300,linear,pandas linear interpolation,not_applicable,https://zenodo.org/records/16754752
1,acetone,Acetone,ketone,initial named set,requested solvent family,471,471,24.278350515463917,0.00153541,0.0423498,0.5796085,0.57807309,0,mol kg^-1 Pa^-1,300,linear,pandas linear interpolation,not_applicable,https://zenodo.org/records/16754752
1,acetonitrile,Acetonitrile,nitrile,initial named set,simple nitrile used as an industrial solvent family,471,471,24.278350515463917,0.000456632,0.00374413,0.0327486,0.032291968000000004,0,mol kg^-1 Pa^-1,300,linear,pandas linear interpolation,not_applicable,https://zenodo.org/records/16754752
1,dimethyl_ether,Dimethyl ether,ether,initial named set,requested solvent family,471,471,24.278350515463917,0.0002782495,0.00248794,0.01518125,0.014903000500000001,0,mol kg^-1 Pa^-1,300,linear,pandas linear interpolation,not_applicable,https://zenodo.org/records/16754752
1,isobutane,Isobutane,alkane,initial named set,C4+ alkane/hydrocarbon solvent family,471,471,24.278350515463917,0.0000357,0.00377802,0.028926300000000002,0.028890600000000002,6,mol kg^-1 Pa^-1,300,linear,pandas linear interpolation,not_applicable,https://zenodo.org/records/16754752
1,isopentane,Isopentane,alkane,initial named set,C4+ alkane/hydrocarbon solvent family,471,471,24.278350515463917,0.000015799999999999998,0.017162,0.274342,0.27432619999999996,10,mol kg^-1 Pa^-1,300,linear,pandas linear interpolation,not_applicable,https://zenodo.org/records/16754752
1,isopropyl_alcohol,Isopropyl alcohol,alcohol,initial named set,requested solvent family,471,471,24.278350515463917,0.00020677450000000002,0.00828821,0.17162100000000002,0.17141422550000002,0,mol kg^-1 Pa^-1,300,linear,pandas linear interpolation,not_applicable,https://zenodo.org/records/16754752
1,methyl_isopropyl_ether,Methyl isopropyl ether,ether,initial named set,requested solvent family,471,471,24.278350515463917,0.000250475,0.0380449,0.6081935,0.6079430250000001,6,mol kg^-1 Pa^-1,300,linear,pandas linear interpolation,not_applicable,https://zenodo.org/records/16754752
1,methyl_propyl_ether,Methyl propyl ether,ether,initial named set,requested solvent family,471,471,24.278350515463917,0.000415145,0.0327972,0.24523499999999998,0.24481985499999998,0,mol kg^-1 Pa^-1,300,linear,pandas linear interpolation,not_applicable,https://zenodo.org/records/16754752
1,methyl_tert-butyl_ether,Methyl tert-butyl ether,ether,initial named set,requested solvent family,471,471,24.278350515463917,3.9e-10,0.00548563,0.672932,0.6729319996099999,16,mol kg^-1 Pa^-1,300,linear,pandas linear interpolation,not_applicable,https://zenodo.org/records/16754752
1,neopentane,Neopentane,alkane,initial named set,C4+ alkane/hydrocarbon solvent family,471,471,24.278350515463917,1.0125e-11,0.00120196,0.051358799999999996,0.051358799989875,14,mol kg^-1 Pa^-1,300,linear,pandas linear interpolation,not_applicable,https://zenodo.org/records/16754752
1,propionitrile,Propionitrile,nitrile,initial named set,simple nitrile used as an industrial solvent family,471,471,24.278350515463917,0.0014416400000000001,0.0191676,0.21903699999999998,0.21759536,0,mol kg^-1 Pa^-1,300,linear,pandas linear interpolation,not_applicable,https://zenodo.org/records/16754752
2,dsgdb9nsd_001092,"3,3-dimethylbutan-1-ol",alcohol,QM9-derived OOD set,requested solvent family,55,55,2.8350515463917527,2.210339945845e-34,3.21775e-10,12.299344999999999,12.299344999999999,2,mol kg^-1 Pa^-1,300,linear,pandas linear interpolation,CC(C)(C)CCO,https://pubchem.ncbi.nlm.nih.gov/compound/12233
2,dsgdb9nsd_002731,Diethylene Glycol,alcohol + ether,QM9-derived OOD set,requested solvent family,55,55,2.8350515463917527,4.2383255499999996e-14,0.0258378,207.636,207.63599999999997,5,mol kg^-1 Pa^-1,300,linear,pandas linear interpolation,OCCOCCO,https://pubchem.ncbi.nlm.nih.gov/compound/8117
3,dsgdb9nsd_001577,3-Methoxy-1-butanol,alcohol + ether,QM9-derived OOD set,requested solvent family,53,53,2.731958762886598,1.12917e-12,0.810254,134.998,134.99799999999885,3,mol kg^-1 Pa^-1,300,linear,pandas linear interpolation,COC(C)CCO,https://pubchem.ncbi.nlm.nih.gov/compound/17291
4,dsgdb9nsd_001104,"2,2,3-trimethylbutane",alkane,QM9-derived OOD set,C4+ alkane/hydrocarbon solvent family,52,52,2.6804123711340204,1.85118e-52,6.5299555e-14,0.000897309,0.000897309,10,mol kg^-1 Pa^-1,300,linear,pandas linear interpolation,CC(C)C(C)(C)C,https://pubchem.ncbi.nlm.nih.gov/compound/10044
5,dsgdb9nsd_001299,1-methoxy-3-methylbutane,ether,QM9-derived OOD set,requested solvent family,51,51,2.6288659793814433,1.106145e-37,1.70413e-8,4.01753,4.01753,8,mol kg^-1 Pa^-1,300,linear,pandas linear interpolation,COCCC(C)C,https://pubchem.ncbi.nlm.nih.gov/compound/136445
6,dsgdb9nsd_001130,"2,4-dimethylpentane",alkane,QM9-derived OOD set,C4+ alkane/hydrocarbon solvent family,50,50,2.577319587628866,1.30889427575e-25,1.651281e-7,0.101578225,0.101578225,7,mol kg^-1 Pa^-1,300,linear,pandas linear interpolation,CC(C)CC(C)C,https://pubchem.ncbi.nlm.nih.gov/compound/7907
7,dsgdb9nsd_001189,"3,3-dimethylpentane",alkane,QM9-derived OOD set,C4+ alkane/hydrocarbon solvent family,48,48,2.4742268041237114,2.102811175275e-71,7.85268e-26,1.6002425e-10,1.6002425e-10,8,mol kg^-1 Pa^-1,300,linear,pandas linear interpolation,CCC(C)(C)CC,https://pubchem.ncbi.nlm.nih.gov/compound/11229
8,dsgdb9nsd_001094,"2,2-dimethylpentane",alkane,QM9-derived OOD set,C4+ alkane/hydrocarbon solvent family,47,47,2.422680412371134,1.7784050000000026e-84,7.1238e-26,3.6461099999999996e-7,3.6461099999999996e-7,6,mol kg^-1 Pa^-1,300,linear,pandas linear interpolation,CCCC(C)(C)C,https://pubchem.ncbi.nlm.nih.gov/compound/11542
9,dsgdb9nsd_002548,3-Ethylpentane,alkane,QM9-derived OOD set,C4+ alkane/hydrocarbon solvent family,46,46,2.3711340206185567,0,1.059478815e-41,8.99141e-16,8.99141e-16,13,mol kg^-1 Pa^-1,300,linear,pandas linear interpolation,CCC(CC)CC,https://pubchem.ncbi.nlm.nih.gov/compound/12048
9,dsgdb9nsd_001291,4-Methyl-1-pentanol,alcohol,QM9-derived OOD set,requested solvent family,46,46,2.3711340206185567,1.4487375000008878e-26,0.032981449999999995,54.48134999999999,54.48134999999999,4,mol kg^-1 Pa^-1,300,linear,pandas linear interpolation,CC(C)CCCO,https://pubchem.ncbi.nlm.nih.gov/compound/12296
10,dsgdb9nsd_001292,Isopropylethanediol,alcohol + ether,QM9-derived OOD set,requested solvent family,44,44,2.268041237113402,2.2258580451700003e-24,0.0000033544650000000003,60.198425,60.198425,7,mol kg^-1 Pa^-1,300,linear,pandas linear interpolation,CC(C)OCCO,https://pubchem.ncbi.nlm.nih.gov/compound/7996
11,dsgdb9nsd_001096,Ethyl tert-butyl ether,ether,QM9-derived OOD set,requested solvent family,43,43,2.216494845360825,2.475088e-118,9.48259e-47,0.000010556765000000001,0.000010556765000000001,9,mol kg^-1 Pa^-1,300,linear,pandas linear interpolation,CCOC(C)(C)C,https://pubchem.ncbi.nlm.nih.gov/compound/12512
12,dsgdb9nsd_001566,3-Methyl-1-pentanol,alcohol,QM9-derived OOD set,requested solvent family,42,42,2.1649484536082473,4.94819e-24,0.001136858,10.979185000000001,10.979185000000001,3,mol kg^-1 Pa^-1,300,linear,pandas linear interpolation,CCC(C)CCO,https://pubchem.ncbi.nlm.nih.gov/compound/11508
12,dsgdb9nsd_001293,"pentane-1,4-diol",alcohol,QM9-derived OOD set,requested solvent family,42,42,2.1649484536082473,9.600191000000001e-34,0.28032450000000003,838.14025,838.14025,5,mol kg^-1 Pa^-1,300,linear,pandas linear interpolation,CC(O)CCCO,https://pubchem.ncbi.nlm.nih.gov/compound/79083
13,dsgdb9nsd_000543,Hexane,alkane,QM9-derived OOD set,C4+ alkane/hydrocarbon solvent family,41,41,2.11340206185567,2.96387e-114,5.29273e-25,1.81652e-8,1.81652e-8,9,mol kg^-1 Pa^-1,300,linear,pandas linear interpolation,CCCCCC,https://pubchem.ncbi.nlm.nih.gov/compound/8058
14,dsgdb9nsd_002550,3-Methoxypentane,ether,QM9-derived OOD set,requested solvent family,37,37,1.907216494845361,0,1.07268e-13,2.19799,2.19799,12,mol kg^-1 Pa^-1,300,linear,pandas linear interpolation,CCC(CC)OC,https://pubchem.ncbi.nlm.nih.gov/compound/37545
14,dsgdb9nsd_002724,Propyl ether,ether,QM9-derived OOD set,requested solvent family,37,37,1.907216494845361,3.22626e-48,1.86392e-13,0.0134778,0.0134778,7,mol kg^-1 Pa^-1,300,linear,pandas linear interpolation,CCCOCCC,https://pubchem.ncbi.nlm.nih.gov/compound/8114
15,dsgdb9nsd_001295,2-Hexanol,alcohol,QM9-derived OOD set,requested solvent family,36,36,1.8556701030927836,4.0137375e-37,1.5343395000000001e-9,125.2565,125.2565,5,mol kg^-1 Pa^-1,300,linear,pandas linear interpolation,CCCCC(C)O,https://pubchem.ncbi.nlm.nih.gov/compound/12297
15,dsgdb9nsd_001275,2-Hexanone,ketone,QM9-derived OOD set,requested solvent family,36,36,1.8556701030927836,1.5576e-30,8.363085e-15,0.116219125,0.116219125,5,mol kg^-1 Pa^-1,300,linear,pandas linear interpolation,CCCCC(C)=O,https://pubchem.ncbi.nlm.nih.gov/compound/11583
15,dsgdb9nsd_001294,2-Methylhexane,alkane,QM9-derived OOD set,C4+ alkane/hydrocarbon solvent family,36,36,1.8556701030927836,1.22657575e-90,2.539785e-22,1.0560580000000002,1.0560580000000002,7,mol kg^-1 Pa^-1,300,linear,pandas linear interpolation,CCCCC(C)C,https://pubchem.ncbi.nlm.nih.gov/compound/11582
16,dsgdb9nsd_001691,"2,3-dimethylpentane",alkane,QM9-derived OOD set,C4+ alkane/hydrocarbon solvent family,35,35,1.8041237113402062,6.914515000000001e-48,5.80603e-23,0.08731835,0.08731835,2,mol kg^-1 Pa^-1,300,linear,pandas linear interpolation,CCC(C)C(C)C,https://pubchem.ncbi.nlm.nih.gov/compound/11260
17,dsgdb9nsd_001572,2-Methoxypentane,ether,QM9-derived OOD set,requested solvent family,34,34,1.7525773195876289,3.6394474999999995e-21,0.000108357,28.36028,28.36028,2,mol kg^-1 Pa^-1,300,linear,pandas linear interpolation,CCCC(C)OC,https://pubchem.ncbi.nlm.nih.gov/compound/522287
17,dsgdb9nsd_001272,5-Hydroxy-2-pentanone,alcohol + ketone,QM9-derived OOD set,requested solvent family,34,34,1.7525773195876289,9.49301e-21,0.0000356186411,17.43889,17.43889,4,mol kg^-1 Pa^-1,300,linear,pandas linear interpolation,CC(=O)CCCO,https://pubchem.ncbi.nlm.nih.gov/compound/14066
17,dsgdb9nsd_001132,Diisopropyl Ether,ether,QM9-derived OOD set,requested solvent family,34,34,1.7525773195876289,1.4259475e-71,9.6639e-18,0.0010398490250000001,0.0010398490250000001,7,mol kg^-1 Pa^-1,300,linear,pandas linear interpolation,CC(C)OC(C)C,https://pubchem.ncbi.nlm.nih.gov/compound/7914
18,dsgdb9nsd_001296,1-propan-2-yloxypropane,ether,QM9-derived OOD set,requested solvent family,33,33,1.7010309278350515,4.76654e-83,0.00000343918,6.224,6.224,5,mol kg^-1 Pa^-1,300,linear,pandas linear interpolation,CCCOC(C)C,https://pubchem.ncbi.nlm.nih.gov/compound/12304
18,dsgdb9nsd_001570,3-Methylhexane,alkane,QM9-derived OOD set,C4+ alkane/hydrocarbon solvent family,33,33,1.7010309278350515,0,1.00955e-26,0.00019878,0.00019878,11,mol kg^-1 Pa^-1,300,linear,pandas linear interpolation,CCCC(C)CC,https://pubchem.ncbi.nlm.nih.gov/compound/11507
18,dsgdb9nsd_000276,Ethyl isopropyl ether,ether,QM9-derived OOD set,requested solvent family,33,33,1.7010309278350515,4.39392e-24,1.11999e-7,0.134766,0.134766,3,mol kg^-1 Pa^-1,300,linear,pandas linear interpolation,CCOC(C)C,https://pubchem.ncbi.nlm.nih.gov/compound/12256
18,dsgdb9nsd_000550,"butane-1,4-diol",alcohol,QM9-derived OOD set,requested solvent family,33,33,1.7010309278350515,1.54743e-32,0.00131842,158.926,158.926,5,mol kg^-1 Pa^-1,300,linear,pandas linear interpolation,OCCCCO,https://pubchem.ncbi.nlm.nih.gov/compound/8064
19,dsgdb9nsd_000545,Butyl methyl ether,ether,QM9-derived OOD set,requested solvent family,32,32,1.6494845360824741,1.5457500000000208e-58,2.55310055e-8,2.351795,2.351795,5,mol kg^-1 Pa^-1,300,linear,pandas linear interpolation,CCCCOC,https://pubchem.ncbi.nlm.nih.gov/compound/12338
19,dsgdb9nsd_000526,Valeronitrile,nitrile,QM9-derived OOD set,simple nitrile used as an industrial solvent family,32,32,1.6494845360824741,8.2176e-71,1.339172063e-9,1.5141274999999998,1.5141274999999998,6,mol kg^-1 Pa^-1,300,linear,pandas linear interpolation,CCCCC#N,https://pubchem.ncbi.nlm.nih.gov/compound/8061
20,dsgdb9nsd_001575,2-Ethoxybutane,ether,QM9-derived OOD set,requested solvent family,31,31,1.597938144329897,8.217500001480924e-61,1.0920599999999998e-20,0.0000063708550000000005,0.0000063708550000000005,6,mol kg^-1 Pa^-1,300,linear,pandas linear interpolation,CCOC(C)CC,https://pubchem.ncbi.nlm.nih.gov/compound/17586
21,dsgdb9nsd_000260,4-Hydroxy-2-Butanone,alcohol + ketone,QM9-derived OOD set,requested solvent family,30,30,1.5463917525773196,4.76045e-39,1.3316575e-13,0.00069099325,0.00069099325,6,mol kg^-1 Pa^-1,300,linear,pandas linear interpolation,CC(=O)CCO,https://pubchem.ncbi.nlm.nih.gov/compound/111509
21,dsgdb9nsd_001240,4-Methylpentanenitrile,nitrile,QM9-derived OOD set,simple nitrile used as an industrial solvent family,30,30,1.5463917525773196,3.59895e-91,1.0786130000000001e-11,3.4301379999999995,3.4301379999999995,7,mol kg^-1 Pa^-1,300,linear,pandas linear interpolation,CC(C)CCC#N,https://pubchem.ncbi.nlm.nih.gov/compound/10956
21,dsgdb9nsd_001112,Acetylacetone,ketone,QM9-derived OOD set,requested solvent family,30,30,1.5463917525773196,3.958343675e-45,2.447425e-19,1.6168587949275e-7,1.6168587949275e-7,3,mol kg^-1 Pa^-1,300,linear,pandas linear interpolation,CC(=O)CC(C)=O,https://pubchem.ncbi.nlm.nih.gov/compound/31261
22,dsgdb9nsd_000134,1-Butanol,alcohol,QM9-derived OOD set,requested solvent family,29,29,1.4948453608247423,1.8068e-71,5.35532e-8,0.111928,0.111928,2,mol kg^-1 Pa^-1,300,linear,pandas linear interpolation,CCCCO,https://pubchem.ncbi.nlm.nih.gov/compound/263
22,dsgdb9nsd_000393,2-Methoxybutane,ether,QM9-derived OOD set,requested solvent family,29,29,1.4948453608247423,6.16856e-68,8.816110000000001e-29,0.00215098,0.00215098,3,mol kg^-1 Pa^-1,300,linear,pandas linear interpolation,CCC(C)OC,https://pubchem.ncbi.nlm.nih.gov/compound/23238
22,dsgdb9nsd_001513,3-Hexanone,ketone,QM9-derived OOD set,requested solvent family,29,29,1.4948453608247423,7.683119999999999e-79,1.80903e-29,0.0521972,0.0521972,3,mol kg^-1 Pa^-1,300,linear,pandas linear interpolation,CCCC(=O)CC,https://pubchem.ncbi.nlm.nih.gov/compound/11509
22,dsgdb9nsd_000358,Ethyl ketone,ketone,QM9-derived OOD set,requested solvent family,29,29,1.4948453608247423,2.21844e-53,2.07841e-24,0.000109238,0.000109238,5,mol kg^-1 Pa^-1,300,linear,pandas linear interpolation,CCC(=O)CC,https://pubchem.ncbi.nlm.nih.gov/compound/7288
22,dsgdb9nsd_001133,"pentane-2,4-diol",alcohol,QM9-derived OOD set,requested solvent family,29,29,1.4948453608247423,2.44926e-55,6.88823e-12,0.000262246,0.000262246,6,mol kg^-1 Pa^-1,300,linear,pandas linear interpolation,CC(O)CC(C)O,https://pubchem.ncbi.nlm.nih.gov/compound/12262
23,dsgdb9nsd_002726,3-Ethoxy-1-propanol,alcohol + ether,QM9-derived OOD set,requested solvent family,28,28,1.443298969072165,5.462280016819874e-23,0.00434162,75.93000500000001,75.93000500000001,5,mol kg^-1 Pa^-1,300,linear,pandas linear interpolation,CCOCCCO,https://pubchem.ncbi.nlm.nih.gov/compound/8109
23,dsgdb9nsd_000546,Ethyl propyl ether,ether,QM9-derived OOD set,requested solvent family,28,28,1.443298969072165,3.8668650000838334e-16,3.1848060085000003e-7,0.038180375,0.038180374999999614,3,mol kg^-1 Pa^-1,300,linear,pandas linear interpolation,CCCOCC,https://pubchem.ncbi.nlm.nih.gov/compound/12340
24,dsgdb9nsd_001131,4-Methyl-2-Pentanol,alcohol,QM9-derived OOD set,requested solvent family,27,27,1.3917525773195876,7.62105632475e-28,4.91125e-16,0.00000360697,0.00000360697,2,mol kg^-1 Pa^-1,300,linear,pandas linear interpolation,CC(C)CC(C)O,https://pubchem.ncbi.nlm.nih.gov/compound/7910
24,dsgdb9nsd_000547,Glycol monoethyl ether,alcohol + ether,QM9-derived OOD set,requested solvent family,27,27,1.3917525773195876,1.7445444999999996e-39,0.0239463,34.9965,34.9965,1,mol kg^-1 Pa^-1,300,linear,pandas linear interpolation,CCOCCO,https://pubchem.ncbi.nlm.nih.gov/compound/8076
24,dsgdb9nsd_000273,"butane-1,3-diol",alcohol,QM9-derived OOD set,requested solvent family,27,27,1.3917525773195876,0.000008444215,6.85711,3285.455,3285.454991555785,2,mol kg^-1 Pa^-1,300,linear,pandas linear interpolation,CC(O)CCO,https://pubchem.ncbi.nlm.nih.gov/compound/7896
25,dsgdb9nsd_000544,1-Pentanol,alcohol,QM9-derived OOD set,requested solvent family,26,26,1.3402061855670102,1.138362e-89,1.9154715e-10,11.492574999999999,11.492574999999999,3,mol kg^-1 Pa^-1,300,linear,pandas linear interpolation,CCCCCO,https://pubchem.ncbi.nlm.nih.gov/compound/6276
25,dsgdb9nsd_000275,2-Pentanol,alcohol,QM9-derived OOD set,requested solvent family,26,26,1.3402061855670102,1.3223750000006772e-90,0.00041124806799999996,130.82319999999999,130.82319999999999,6,mol kg^-1 Pa^-1,300,linear,pandas linear interpolation,CCCC(C)O,https://pubchem.ncbi.nlm.nih.gov/compound/22386
25,dsgdb9nsd_001127,4-Hydroxypentan-2-one,alcohol + ketone,QM9-derived OOD set,requested solvent family,26,26,1.3402061855670102,3.733575e-98,1.1196788999999999e-30,7.9651025e-9,7.9651025e-9,7,mol kg^-1 Pa^-1,300,linear,pandas linear interpolation,CC(O)CC(C)=O,https://pubchem.ncbi.nlm.nih.gov/compound/20112
25,dsgdb9nsd_002730,"pentane-1,5-diol",alcohol,QM9-derived OOD set,requested solvent family,26,26,1.3402061855670102,4.08447925e-13,0.000005726865,37.31455,37.31454999999959,1,mol kg^-1 Pa^-1,300,linear,pandas linear interpolation,OCCCCCO,https://pubchem.ncbi.nlm.nih.gov/compound/8105
26,dsgdb9nsd_001120,Methyl Isobutyl Ketone,ketone,QM9-derived OOD set,requested solvent family,25,25,1.288659793814433,1.13499e-73,6.3679e-37,9.70133e-15,9.70133e-15,3,mol kg^-1 Pa^-1,300,linear,pandas linear interpolation,CC(C)CC(C)=O,https://pubchem.ncbi.nlm.nih.gov/compound/7909
27,dsgdb9nsd_002722,1-methoxypentane,ether,QM9-derived OOD set,requested solvent family,24,24,1.2371134020618557,1.504171795345e-71,0.0004411962235,41.385999999999996,41.385999999999996,4,mol kg^-1 Pa^-1,300,linear,pandas linear interpolation,CCCCCOC,https://pubchem.ncbi.nlm.nih.gov/compound/69412
28,dsgdb9nsd_002727,1-Ethoxy-2-methoxyethane,ether,QM9-derived OOD set,requested solvent family,23,23,1.1855670103092784,1.416276e-22,0.000461647,99.1827,99.1827,2,mol kg^-1 Pa^-1,300,linear,pandas linear interpolation,CCOCCOC,https://pubchem.ncbi.nlm.nih.gov/compound/123223
28,dsgdb9nsd_001573,3-Hexanol,alcohol,QM9-derived OOD set,requested solvent family,23,23,1.1855670103092784,9.3695680114e-37,4.11706e-12,1.2112537,1.2112537,3,mol kg^-1 Pa^-1,300,linear,pandas linear interpolation,CCCC(O)CC,https://pubchem.ncbi.nlm.nih.gov/compound/12178
28,dsgdb9nsd_000133,Pentane,alkane,QM9-derived OOD set,C4+ alkane/hydrocarbon solvent family,23,23,1.1855670103092784,1.993625e-68,1.01474e-11,0.00000242833,0.00000242833,5,mol kg^-1 Pa^-1,300,linear,pandas linear interpolation,CCCCC,https://pubchem.ncbi.nlm.nih.gov/compound/8003
28,dsgdb9nsd_001568,"pentane-1,3-diol",alcohol,QM9-derived OOD set,requested solvent family,23,23,1.1855670103092784,1.218835e-104,6.2510100000000006e-24,457.716,457.716,6,mol kg^-1 Pa^-1,300,linear,pandas linear interpolation,CCC(O)CCO,https://pubchem.ncbi.nlm.nih.gov/compound/151085
29,dsgdb9nsd_002721,1-Hexanol,alcohol,QM9-derived OOD set,requested solvent family,22,22,1.134020618556701,1.9193925e-74,7.011800000146887e-17,0.0000046889765,0.0000046889765,5,mol kg^-1 Pa^-1,300,linear,pandas linear interpolation,CCCCCCO,https://pubchem.ncbi.nlm.nih.gov/compound/8103
29,dsgdb9nsd_000039,Butane,alkane,QM9-derived OOD set,C4+ alkane/hydrocarbon solvent family,22,22,1.134020618556701,2.02479e-125,4.2593138e-42,2.2402320869999998e-9,2.2402320869999998e-9,6,mol kg^-1 Pa^-1,300,linear,pandas linear interpolation,CCCC,https://pubchem.ncbi.nlm.nih.gov/compound/7843
29,dsgdb9nsd_000122,Butyronitrile,nitrile,QM9-derived OOD set,simple nitrile used as an industrial solvent family,22,22,1.134020618556701,4.3130000174726e-73,2.565116e-19,3.6627675e-7,3.6627675e-7,1,mol kg^-1 Pa^-1,300,linear,pandas linear interpolation,CCCC#N,https://pubchem.ncbi.nlm.nih.gov/compound/8008
29,dsgdb9nsd_002693,Hexanenitrile,nitrile,QM9-derived OOD set,simple nitrile used as an industrial solvent family,22,22,1.134020618556701,1.2895334055e-71,2.93545393e-20,46.808,46.808,3,mol kg^-1 Pa^-1,300,linear,pandas linear interpolation,CCCCCC#N,https://pubchem.ncbi.nlm.nih.gov/compound/12352
30,dsgdb9nsd_000084,(+-)-2-Butanol,alcohol,QM9-derived OOD set,requested solvent family,21,21,1.0824742268041236,2.3138700000000003e-28,2.75095e-10,0.0000520296,0.0000520296,2,mol kg^-1 Pa^-1,300,linear,pandas linear interpolation,CCC(C)O,https://pubchem.ncbi.nlm.nih.gov/compound/6568
30,dsgdb9nsd_000549,"1,2-dimethoxyethane",ether,QM9-derived OOD set,requested solvent family,21,21,1.0824742268041236,1.46699e-57,0.00000988439,3.28996,3.28996,2,mol kg^-1 Pa^-1,300,linear,pandas linear interpolation,COCCOC,https://pubchem.ncbi.nlm.nih.gov/compound/8071
30,dsgdb9nsd_002723,Ethyl butyl ether,ether,QM9-derived OOD set,requested solvent family,21,21,1.0824742268041236,2.1120200000000002e-122,1.73919e-27,0.116019,0.116019,5,mol kg^-1 Pa^-1,300,linear,pandas linear interpolation,CCCCOCC,https://pubchem.ncbi.nlm.nih.gov/compound/12355
30,dsgdb9nsd_000055,tert-Butanol,alcohol,QM9-derived OOD set,requested solvent family,21,21,1.0824742268041236,2.83805e-15,0.000203092,0.00792655,0.007926549999997161,1,mol kg^-1 Pa^-1,300,linear,pandas linear interpolation,CC(C)(C)O,https://pubchem.ncbi.nlm.nih.gov/compound/6386
31,dsgdb9nsd_000548,3-Methoxy-1-propanol,alcohol + ether,QM9-derived OOD set,requested solvent family,20,20,1.0309278350515463,2.7428458574999996e-50,0.00450136564,19.832974999999998,19.832974999999998,2,mol kg^-1 Pa^-1,300,linear,pandas linear interpolation,COCCCO,https://pubchem.ncbi.nlm.nih.gov/compound/74116
31,dsgdb9nsd_000394,3-Pentanol,alcohol,QM9-derived OOD set,requested solvent family,20,20,1.0309278350515463,7.633575000007353e-35,5.296385e-8,0.0026838036500000002,0.0026838036500000002,1,mol kg^-1 Pa^-1,300,linear,pandas linear interpolation,CCC(O)CC,https://pubchem.ncbi.nlm.nih.gov/compound/11428
31,dsgdb9nsd_000041,Methoxyethane,ether,QM9-derived OOD set,requested solvent family,20,20,1.0309278350515463,1.5854325000000001e-15,2.9935718e-7,0.013663825000000001,0.013663824999998415,1,mol kg^-1 Pa^-1,300,linear,pandas linear interpolation,CCOC,https://pubchem.ncbi.nlm.nih.gov/compound/10903
32,dsgdb9nsd_000137,2-Methoxyethanol,alcohol + ether,QM9-derived OOD set,requested solvent family,18,18,0.9278350515463918,1.154695275e-11,0.0028296205000000003,7.6215625,7.621562499988452,1,mol kg^-1 Pa^-1,300,linear,pandas linear interpolation,COCCO,https://pubchem.ncbi.nlm.nih.gov/compound/8019
32,dsgdb9nsd_000138,"propane-1,3-diol",alcohol,QM9-derived OOD set,requested solvent family,18,18,0.9278350515463918,1.5421e-26,4.986518485999999e-9,3.8116549999999996,3.8116549999999996,3,mol kg^-1 Pa^-1,300,linear,pandas linear interpolation,OCCCO,https://pubchem.ncbi.nlm.nih.gov/compound/10442
33,dsgdb9nsd_002720,Heptane,alkane,QM9-derived OOD set,C4+ alkane/hydrocarbon solvent family,17,17,0.8762886597938144,0,5.891669999999999e-49,0.0000846263,0.0000846263,6,mol kg^-1 Pa^-1,300,linear,pandas linear interpolation,CCCCCCC,https://pubchem.ncbi.nlm.nih.gov/compound/8900
34,dsgdb9nsd_000072,Methyl Ethyl Ketone,ketone,QM9-derived OOD set,requested solvent family,16,16,0.8247422680412371,1.01415e-89,2.239196e-19,5.01407991e-8,5.01407991e-8,4,mol kg^-1 Pa^-1,300,linear,pandas linear interpolation,CCC(C)=O,https://pubchem.ncbi.nlm.nih.gov/compound/6569
35,dsgdb9nsd_000136,Diethyl Ether,ether,QM9-derived OOD set,requested solvent family,14,14,0.7216494845360825,1.827937531337475e-37,3.5229100002207994e-7,0.0055319935,0.0055319935,2,mol kg^-1 Pa^-1,300,linear,pandas linear interpolation,CCOCC,https://pubchem.ncbi.nlm.nih.gov/compound/3283
36,dsgdb9nsd_000014,Ethanol,alcohol,QM9-derived OOD set,requested solvent family,10,10,0.5154639175257731,2.6823503816209997e-22,5.47885802235e-9,0.00118044105,0.00118044105,0,mol kg^-1 Pa^-1,300,linear,pandas linear interpolation,CCO,https://pubchem.ncbi.nlm.nih.gov/compound/702
36,dsgdb9nsd_000008,Methanol,alcohol,QM9-derived OOD set,requested solvent family,10,10,0.5154639175257731,2.2905175e-15,0.000006803725,0.00027499295,0.00027499294999770946,1,mol kg^-1 Pa^-1,300,linear,pandas linear interpolation,CO,https://pubchem.ncbi.nlm.nih.gov/compound/887
